ID Postagem,Data,Postagem,Funcionalidade (Av1),Funcionalidade (Av2),Funcionalidade,Tipo (Av1),Tipo (Av2),Tipo,IntenÃ§Ã£o (Av1),IntenÃ§Ã£o (Av2),IntenÃ§Ã£o,AnÃ¡lise de Sentimento (Av1),AnÃ¡lise de Sentimento (Av2),AnÃ¡lise de Sentimento,Usabilidade (Av1),Usabilidade (Av2),Usabilidade,UX (Av1),UX (Av2),UX,Artefato (Av1),Artefato (Av2),Artefato,Discutir
1,13/07/2021,Muito topğŸ˜ğŸ‘,,,,Elogio,,Validar,Visceral,,Validar,Positiva,,Validar,SatisfaÃ§Ã£o,,Validar,SatisfaÃ§Ã£o,,Validar
2,13/07/2021,Sem palavras ğŸ‘Œ,,,,Elogio,,Validar,Visceral,,Validar,Positiva,,Validar,SatisfaÃ§Ã£o,,Validar,SatisfaÃ§Ã£o,,Validar
3,13/07/2021,Muito bom ğŸ˜ƒ,,,,Elogio,,Validar,Visceral,,Validar,Positiva,,Validar,SatisfaÃ§Ã£o,,Validar,SatisfaÃ§Ã£o,,Validar
4,13/07/2021,Ã“ tik tok estÃ¡ travando muito ğŸ˜”ğŸ’”,,,,CrÃ­tica,,Validar,Reflexiva,,Validar,Negativa,,Validar,EficiÃªncia,,Validar,FrustraÃ§Ã£o,,Validar
5,13/07/2021,O aplicativo quer perder a mania de achar que todo mundo fica em casa parado por causa da hiperemia E por motivos banais simplesmente disparam a bolinha giratÃ³ria que dÃ¡ bÃ´nus e moedas !! Vcs tem que perder essa mania ğŸ‘,,,,CrÃ­tica,,Validar,Comportamental,,Validar,Negativa,,Validar,EficÃ¡cia,,Validar,FrustraÃ§Ã£o,,Validar
6,13/07/2021,Sumiu a missÃµes diÃ¡rias e eu parei de ganhar moedas quando assisto vÃ­deos ...resolvam isso pois eu nÃ£o sou a Ãºnica a reclamar do mesmo problema ğŸ˜ ,,,,CrÃ­tica,,Validar,Comportamental,,Validar,Negativa,,Validar,EficÃ¡cia,,Validar,FrustraÃ§Ã£o,,Validar
7,13/07/2021,Consigo mim divertir ğŸ˜,,,,Elogio,,Validar,Visceral,,Validar,Positiva,,Validar,SatisfaÃ§Ã£o,,Validar,SatisfaÃ§Ã£o,,Validar
8,13/07/2021,ğŸ˜ğŸ˜ğŸ˜ğŸ˜,,,,Elogio,,Validar,Visceral,,Validar,Positiva,,Validar,SatisfaÃ§Ã£o,,Validar,SatisfaÃ§Ã£o,,Validar
9,13/07/2021,NÃ£o saquei o dinheiro ğŸ˜”e sumiu da conta,,,,CrÃ­tica,,Validar,Reflexiva,,Validar,Negativa,,Validar,EficÃ¡cia,,Validar,FrustraÃ§Ã£o,,Validar
10,13/07/2021,Muito bom ğŸ˜ƒğŸ˜ƒ,,,,Elogio,,Validar,Visceral,,Validar,Positiva,,Validar,SatisfaÃ§Ã£o,,Validar,SatisfaÃ§Ã£o,,Validar
11,13/07/2021,Eu amo o tiktokâ¤ï¸,,,,Elogio,,Validar,Visceral,,Validar,Positiva,,Validar,SatisfaÃ§Ã£o,,Validar,Afeto,,Validar
12,13/07/2021,ğŸ¤©ğŸ¤©ğŸ¤©ğŸ¤© Ã© mumto encrivelğŸ˜ğŸ˜ğŸ˜ğŸ˜ğŸ˜ğŸ˜ eu adorei eu olio todos os dias o tiktok,,,,Elogio,,Validar,Visceral,,Validar,Positiva,,Validar,SatisfaÃ§Ã£o,,Validar,Afeto,,Validar
13,13/07/2021,Nossa e muito bomğŸ˜Š,,,,Elogio,,Validar,Visceral,,Validar,Positiva,,Validar,SatisfaÃ§Ã£o,,Validar,SatisfaÃ§Ã£o,,Validar
14,13/07/2021,Esse tik tok ta muito escroto o meubso veve bugado eu nao consigo ver as minhas missao no tik tok ğŸ¤¬ğŸ¤¬ğŸ¤¬ğŸ¤¬ğŸ¤¬,,,,CrÃ­tica,,Validar,Comportamental,,Validar,Negativa,,Validar,EficÃ¡cia,,Validar,FrustraÃ§Ã£o,,Validar
15,13/07/2021,Sensacional ğŸ¤©ğŸ¤©ğŸ¤©ğŸ¤©ğŸ¤©ğŸ˜˜ğŸ¤ªğŸ˜ğŸ¤ªğŸ˜›ğŸ˜ğŸ˜‹ğŸ˜‹ğŸ˜›ğŸ˜›ğŸ˜ğŸ˜›ğŸ˜›ğŸ˜œğŸ˜œ,,,,Elogio,,Validar,Visceral,,Validar,Positiva,,Validar,SatisfaÃ§Ã£o,,Validar,SatisfaÃ§Ã£o,,Validar
16,13/07/2021,ğŸ‘ Ã© bom...,,,,Elogio,,Validar,Visceral,,Validar,Positiva,,Validar,SatisfaÃ§Ã£o,,Validar,SatisfaÃ§Ã£o,,Validar
17,13/07/2021,ğŸ’–ğŸ’›ğŸ’™,,,,Elogio,,Validar,Visceral,,Validar,Positiva,,Validar,SatisfaÃ§Ã£o,,Validar,SatisfaÃ§Ã£o,,Validar
18,13/07/2021,IncrÃ­vel!! â¤ï¸â¤ï¸â¤ï¸â¤ï¸â¤ï¸,,,,Elogio,,Validar,Visceral,,Validar,Positiva,,Validar,SatisfaÃ§Ã£o,,Validar,SatisfaÃ§Ã£o,,Validar
19,13/07/2021,muito bom adorei apaixonada estou por esse aplicativo ğŸ˜ğŸ˜—ğŸ˜šğŸ˜˜,,,,Elogio,,Validar,Visceral,,Validar,Positiva,,Validar,SatisfaÃ§Ã£o,,Validar,Afeto,,Validar
20,13/07/2021,ğŸ˜‹ğŸ¤£ğŸ˜˜,,,,Elogio,,Validar,Visceral,,Validar,Positiva,,Validar,SatisfaÃ§Ã£o,,Validar,SatisfaÃ§Ã£o,,Validar
21,13/07/2021,Da muito grama vou fica rico ğŸ˜ğŸ˜ğŸ˜,,,,Elogio,,Validar,Reflexiva,,Validar,Positiva,,Validar,SatisfaÃ§Ã£o,,Validar,SatisfaÃ§Ã£o,,Validar
22,13/07/2021,Gosto muito do til tok ğŸ˜,,,,Elogio,,Validar,Visceral,,Validar,Positiva,,Validar,SatisfaÃ§Ã£o,,Validar,Afeto,,Validar
23,13/07/2021,Amei os vÃ­deos â¤ğŸ˜ğŸ˜,,,,Elogio,,Validar,Visceral,,Validar,Positiva,,Validar,SatisfaÃ§Ã£o,,Validar,Afeto,,Validar
24,13/07/2021,O App muito bom!!! ğŸ˜,,,,Elogio,,Validar,Visceral,,Validar,Positiva,,Validar,SatisfaÃ§Ã£o,,Validar,SatisfaÃ§Ã£o,,Validar
25,13/07/2021,ğŸ‘ğŸ‘ğŸ‘ğŸ˜‚ğŸ˜‚ Muido pom,,,,Elogio,,Validar,Visceral,,Validar,Positiva,,Validar,SatisfaÃ§Ã£o,,Validar,SatisfaÃ§Ã£o,,Validar
26,13/07/2021,Amei adoro fazer video o tik tok Vale a pena â¤â¤â¤,,,,Elogio,,Validar,Reflexiva,,Validar,Positiva,,Validar,SatisfaÃ§Ã£o,,Validar,Afeto,,Validar
27,13/07/2021,Viciamteeeeeee ğŸ˜,,,,Elogio,,Validar,Visceral,,Validar,Positiva,,Validar,SatisfaÃ§Ã£o,,Validar,Afeto,,Validar
28,13/07/2021,ğŸ˜¤ğŸ˜¤ğŸ˜¤ğŸ‘ğŸ‘ğŸ’”ğŸ’”,,,,CrÃ­tica,,Validar,Visceral,,Validar,Negativa,,Validar,SatisfaÃ§Ã£o,,Validar,FrustraÃ§Ã£o,,Validar
29,13/07/2021,Muito bom ğŸ˜Š,,,,Elogio,,Validar,Visceral,,Validar,Positiva,,Validar,SatisfaÃ§Ã£o,,Validar,SatisfaÃ§Ã£o,,Validar
30,13/07/2021,Tem hora gue ele trava eu desistalei mais se de certo eu instalo novamenteğŸ˜…ğŸ˜„ğŸ˜„,,,,CrÃ­tica,,Validar,Reflexiva,,Validar,Neutra,,Validar,EficiÃªncia,,Validar,FrustraÃ§Ã£o,,Validar
31,13/07/2021,HorrÃ­vel. NÃ£o consigo mais atingir os objetivos pra ganhar moedas...ğŸ˜¡,,,,CrÃ­tica,,Validar,Reflexiva,,Validar,Negativa,,Validar,EficÃ¡cia,,Validar,FrustraÃ§Ã£o,,Validar
32,13/07/2021,Muito bom ğŸ˜ƒ,,,,Elogio,,Validar,Visceral,,Validar,Positiva,,Validar,SatisfaÃ§Ã£o,,Validar,SatisfaÃ§Ã£o,,Validar
33,13/07/2021,Ainda estou em fase de teste ğŸ¤­,,,,Elogio,,Validar,Visceral,,Validar,Neutra,,Validar,Aprendizado,,Validar,ConfianÃ§a,,Validar
34,13/07/2021,Bom muito bomğŸ˜ğŸ˜,,,,Elogio,,Validar,Visceral,,Validar,Positiva,,Validar,SatisfaÃ§Ã£o,,Validar,Afeto,,Validar
35,13/07/2021,Eu ameiiiiiiiğŸ˜ğŸ˜ğŸ˜ğŸ˜,,,,Elogio,,Validar,Visceral,,Validar,Positiva,,Validar,SatisfaÃ§Ã£o,,Validar,Afeto,,Validar
36,13/07/2021,TopstarğŸ˜ğŸ˜ğŸ˜ğŸ˜ğŸ˜ğŸ˜ğŸ˜ğŸ˜ğŸ˜ğŸ˜ğŸ˜ğŸ˜ğŸ˜ğŸ˜ğŸ˜ğŸ˜ğŸ˜ğŸ˜ğŸ˜ğŸ˜ğŸ˜ğŸ˜ğŸ˜ğŸ˜ğŸ˜ğŸ˜ğŸ˜ğŸ˜ğŸ˜ğŸ˜,,,,Elogio,,Validar,Visceral,,Validar,Positiva,,Validar,SatisfaÃ§Ã£o,,Validar,SatisfaÃ§Ã£o,,Validar
37,13/07/2021,Muito bomğŸ‘ğŸ˜,,,,Elogio,,Validar,Visceral,,Validar,Positiva,,Validar,SatisfaÃ§Ã£o,,Validar,SatisfaÃ§Ã£o,,Validar
38,13/07/2021,â¤ï¸â¤ï¸,,,,Elogio,,Validar,Visceral,,Validar,Positiva,,Validar,SatisfaÃ§Ã£o,,Validar,Afeto,,Validar
39,13/07/2021,Amei ğŸ’“ğŸ˜»ğŸ˜,,,,Elogio,,Validar,Visceral,,Validar,Positiva,,Validar,SatisfaÃ§Ã£o,,Validar,Afeto,,Validar
40,13/07/2021,ğŸ˜ğŸ˜ğŸ˜ğŸ˜ğŸ˜ğŸ˜ğŸ˜ğŸ˜ğŸ˜ğŸ˜˜ğŸ˜˜ğŸ˜ğŸ¥°ğŸ¥°ğŸ¥°ğŸ¥°ğŸ¥°ğŸ¥°ğŸ¥°ğŸ¥°ğŸ¥°ğŸ¥°ğŸ¥°,,,,Elogio,,Validar,Visceral,,Validar,Positiva,,Validar,SatisfaÃ§Ã£o,,Validar,Afeto,,Validar
41,13/07/2021,E bom neh fazer oq ğŸ˜‚ğŸ˜‚ğŸ˜‚,,,,Elogio,,Validar,Visceral,,Validar,Positiva,,Validar,SatisfaÃ§Ã£o,,Validar,SatisfaÃ§Ã£o,,Validar
42,13/07/2021,So uma estrela Tik tok resolva meu problema meu marido assistir todos os dia e a bolinha gira ate o final mais minha recompensa nÃ£o cai vocÃªs estÃ£o enganado o povo minha filha baixo tik tok foi tenta coloca meu codigo so deu erro e pra novos usuÃ¡rio bolinha nao gira vocÃªs estao enganado o povoğŸ˜¡ğŸ˜ ,,,,CrÃ­tica,,Validar,Comportamental,,Validar,Negativa,,Validar,EficÃ¡cia,,Validar,FrustraÃ§Ã£o,,Validar
43,13/07/2021,ğŸ˜,,,,Elogio,,Validar,Visceral,,Validar,Neutra,,Validar,SatisfaÃ§Ã£o,,Validar,SatisfaÃ§Ã£o,,Validar
44,13/07/2021,Mano o app Ã© muito bom mesmo pra ganhar ğŸ’¸ mais ele trava muito o meu celular Ã© moto e trava muito com o Tiktok eu desabaixei todos os meus apps ansiosa pra ver o Tiktok mais mal abri o app e jÃ¡ trava prefiro mais a plataforma Kwai recomendo demais obrigada pela atenÃ§Ã£o tchau,,,,CrÃ­tica,,Validar,Reflexiva,,Validar,Neutra,,Validar,EficiÃªncia,,Validar,FrustraÃ§Ã£o,,Validar
45,13/07/2021,Ã“timo app adorei ğŸ‘,,,,Elogio,,Validar,Visceral,,Validar,Positiva,,Validar,SatisfaÃ§Ã£o,,Validar,Afeto,,Validar
46,13/07/2021,Eu amo esse app sÃ©rio ğŸ˜¼ğŸ¤˜ğŸ¤˜ğŸ¤˜,,,,Elogio,,Validar,Visceral,,Validar,Positiva,,Validar,SatisfaÃ§Ã£o,,Validar,Afeto,,Validar
47,13/07/2021,amo o tik tokâœŒâœŒ,,,,Elogio,,Validar,Visceral,,Validar,Positiva,,Validar,SatisfaÃ§Ã£o,,Validar,Afeto,,Validar
48,13/07/2021,Muito bom ğŸ˜Š,,,,Elogio,,Validar,Visceral,,Validar,Positiva,,Validar,SatisfaÃ§Ã£o,,Validar,SatisfaÃ§Ã£o,,Validar
49,13/07/2021,Muito bom ğŸ˜Š,,,,Elogio,,Validar,Visceral,,Validar,Positiva,,Validar,SatisfaÃ§Ã£o,,Validar,SatisfaÃ§Ã£o,,Validar
50,13/07/2021,O tiktok e legal âœŒâœŒ âš¡âš¡ğŸˆ,,,,Elogio,,Validar,Visceral,,Validar,Positiva,,Validar,SatisfaÃ§Ã£o,,Validar,SatisfaÃ§Ã£o,,Validar
51,13/07/2021,"Esse tik tok e uma resenha, divertido legal sensacional. Ainda mais com as receitas deliciosas e cremosas ğŸ˜ Gente esse tik tok Ã© um SHOW!!!!!!! @Tik Tok.",,,,Elogio,,Validar,Visceral,,Validar,Positiva,,Validar,SatisfaÃ§Ã£o,,Validar,SatisfaÃ§Ã£o,,Validar
52,13/07/2021,E muito bom esse appâ¤ï¸ğŸ˜,,,,Elogio,,Validar,Visceral,,Validar,Positiva,,Validar,SatisfaÃ§Ã£o,,Validar,Afeto,,Validar
53,13/07/2021,Amo muitooo!â¤ğŸ‘ğŸ¼ğŸ‘ğŸ¼ğŸ‘ğŸ¼ğŸ‘ğŸ¼,,,,Elogio,,Validar,Visceral,,Validar,Positiva,,Validar,SatisfaÃ§Ã£o,,Validar,Afeto,,Validar
54,13/07/2021,Ã“timo ğŸ˜„,,,,Elogio,,Validar,Visceral,,Validar,Positiva,,Validar,SatisfaÃ§Ã£o,,Validar,SatisfaÃ§Ã£o,,Validar
55,13/07/2021,Amei muito esse app ele Ã© muito bom mesmo ğŸ˜,,,,Elogio,,Validar,Visceral,,Validar,Positiva,,Validar,SatisfaÃ§Ã£o,,Validar,Afeto,,Validar
56,13/07/2021,Muito bom slk fml ğŸ¥¶,,,,Elogio,,Validar,Visceral,,Validar,Positiva,,Validar,SatisfaÃ§Ã£o,,Validar,SatisfaÃ§Ã£o,,Validar
57,13/07/2021,E muito bommğŸ˜˜ğŸ˜ğŸ¤—,,,,Elogio,,Validar,Visceral,,Validar,Positiva,,Validar,SatisfaÃ§Ã£o,,Validar,SatisfaÃ§Ã£o,,Validar
58,13/07/2021,Amei simplesmente perfeito ğŸ’—ğŸ’—ğŸ’—ğŸ’—,,,,Elogio,,Validar,Visceral,,Validar,Positiva,,Validar,SatisfaÃ§Ã£o,,Validar,Afeto,,Validar
59,13/07/2021,O aplicativo nÃ£o deixou eu colar o cÃ³digo de convite fica aparecendo a mensagem erro de internet. ğŸ‘,,,,CrÃ­tica,,Validar,Comportamental,,Validar,Negativa,,Validar,EficÃ¡cia,,Validar,ConfianÃ§a,,Validar
60,13/07/2021,App maravilhosoâœ¨ğŸ˜,,,,Elogio,,Validar,Visceral,,Validar,Positiva,,Validar,SatisfaÃ§Ã£o,,Validar,Afeto,,Validar
61,13/07/2021,ğŸ˜ƒ,,,,Elogio,,Validar,Visceral,,Validar,Positiva,,Validar,SatisfaÃ§Ã£o,,Validar,SatisfaÃ§Ã£o,,Validar
62,13/07/2021,Exelente app ğŸ‘ğŸ‘ğŸ‘ğŸ˜,,,,Elogio,,Validar,Visceral,,Validar,Positiva,,Validar,SatisfaÃ§Ã£o,,Validar,SatisfaÃ§Ã£o,,Validar
63,13/07/2021,"A pessoa assiste os vÃ­deos o dia todo faz tudo que o tiktok pede pra ganhar 1,50 por dia Ã© muito pouco ğŸ¤¬ğŸ˜¡ğŸ˜¡ğŸ˜¡",,,,CrÃ­tica,,Validar,Reflexiva,,Validar,Negativa,,Validar,SatisfaÃ§Ã£o,,Validar,FrustraÃ§Ã£o,,Validar
64,13/07/2021,"Ã“timo app vÃ­deos variados,amei ğŸ‘",,,,Elogio,,Validar,Visceral,,Validar,Positiva,,Validar,SatisfaÃ§Ã£o,,Validar,Afeto,,Validar
65,13/07/2021,Aplicativo Ã³timo âœŠ,,,,Elogio,,Validar,Visceral,,Validar,Positiva,,Validar,SatisfaÃ§Ã£o,,Validar,SatisfaÃ§Ã£o,,Validar
66,13/07/2021,"Eu convido pessoas para baixar no meu link, e sÃ³ dÃ¡ erro ğŸ˜’ Tem que acertar isso aÃ­.",,,,CrÃ­tica,,Validar,Comportamental,,Validar,Neutra,,Validar,EficiÃªncia,,Validar,FrustraÃ§Ã£o,,Validar
67,13/07/2021,"Bugou... NÃ£o gira mais as moedas, assisto aos vÃ­deos todos os dias e nem aparece mais as moedas. Decepcionado ğŸ˜©",,,,CrÃ­tica,,Validar,Reflexiva,,Validar,Negativa,,Validar,EficÃ¡cia,,Validar,FrustraÃ§Ã£o,,Validar
68,13/07/2021,Show ğŸ‘,,,,Elogio,,Validar,Visceral,,Validar,Positiva,,Validar,SatisfaÃ§Ã£o,,Validar,SatisfaÃ§Ã£o,,Validar
69,13/07/2021,Amo esse appğŸ¤©ğŸ¤©ğŸ˜ğŸ˜ğŸ˜ğŸ˜ğŸ˜ğŸ˜ğŸ˜,,,,Elogio,,Validar,Visceral,,Validar,Positiva,,Validar,SatisfaÃ§Ã£o,,Validar,Afeto,,Validar
70,13/07/2021,ğŸ˜ğŸ‘ŒğŸ‘Œ,,,,Elogio,,Validar,Visceral,,Validar,Positiva,,Validar,SatisfaÃ§Ã£o,,Validar,Afeto,,Validar
71,13/07/2021,O app tava muito bom mas faz um tempo que as tarefas nÃ£o aparece mais e quando envio convite para alguÃ©m meu cÃ³digo nÃ£o entra... assim fica difÃ­cil de ficar TIKTORICO...ğŸ¤”,,,,CrÃ­tica,,Validar,Comportamental,,Validar,Neutra,,Validar,EficÃ¡cia,,Validar,ConfianÃ§a,,Validar
72,13/07/2021,Google eu tÃ´ com amei mas sÃ³ que eu nunca consegui ganhar muitas curtidas que pena nÃ© Ã© sÃ³ ganho Ã© sÃ³ ganho 20 3 1 e 2 ğŸ˜’ğŸ˜’ğŸ˜’ğŸ˜’ğŸ˜’ğŸ˜’,,,,CrÃ­tica,,Validar,Comportamental,,Validar,Positiva,,Validar,SatisfaÃ§Ã£o,,Validar,SatisfaÃ§Ã£o,,Validar
73,13/07/2021,ğŸ¥°ğŸ¥°,,,,Elogio,,Validar,Visceral,,Validar,Positiva,,Validar,SatisfaÃ§Ã£o,,Validar,SatisfaÃ§Ã£o,,Validar
74,13/07/2021,SÃ³ queria ganhar moedinhas tbm... Injusto com quem tem a conta a mais tempo ğŸ˜©,,,,SugestÃ£o,,Validar,Reflexiva,,Validar,Negativa,,Validar,SatisfaÃ§Ã£o,,Validar,FrustraÃ§Ã£o,,Validar
75,13/07/2021,Olha eu sou uma pessoa de muito sucesso mas parece que o pessoal do app nÃ£o tÃ¡ enchergando nÃ£o viu ğŸ˜•,,,,SugestÃ£o,,Validar,Reflexiva,,Validar,Negativa,,Validar,SatisfaÃ§Ã£o,,Validar,FrustraÃ§Ã£o,,Validar
76,13/07/2021,"Muito bom, me divirto a berÃ§a. Um show de aplicativo ğŸ™Œ",,,,Elogio,,Validar,Visceral,,Validar,Positiva,,Validar,SatisfaÃ§Ã£o,,Validar,SatisfaÃ§Ã£o,,Validar
77,13/07/2021,Muito ruim se vc passar um dia sem entrar no aplicativo vc para de ganhar centavos...e ai fica no whatsapp postando mulher nua ğŸ˜ ğŸ˜ ğŸ˜¤,,,,CrÃ­tica,,Validar,Reflexiva,,Validar,Negativa,,Validar,SatisfaÃ§Ã£o,,Validar,FrustraÃ§Ã£o,,Validar
78,13/07/2021,ğŸ¤˜ğŸ»,,,,Elogio,,Validar,Visceral,,Validar,Positiva,,Validar,SatisfaÃ§Ã£o,,Validar,SatisfaÃ§Ã£o,,Validar
79,13/07/2021,O app e Ã³timo mas e Ã³timo quando tÃ´ no tÃ©dio corro pro app mesmo a Ãºnica coisa que eu nÃ£o gosto e que ele enche muito espaÃ§o ğŸ˜¿ğŸ˜¢ mas e Ã³timo abaixe eu tenho ele desde 2019 e Ã³timo nÃ£o ligue pra esses comentÃ¡rios que falam aucontratrio ok e Ã³timo,,,,CrÃ­tica,,Validar,Reflexiva,,Validar,Negativa,,Validar,EficiÃªncia,,Validar,FrustraÃ§Ã£o,,Validar
80,13/07/2021,E bom mais buga de mais mano so do uma â˜… eu ia da 0 mais n da,,,,CrÃ­tica,,Validar,Comportamental,,Validar,Negativa,,Validar,EficiÃªncia,,Validar,FrustraÃ§Ã£o,,Validar
81,13/07/2021,O tik Tok estÃ¡ com o problema de banir contas sem motivo algum hoje minha conta foi banida perdi 5567 curtidas e 1040 seguidores ğŸ˜,,,,CrÃ­tica,,Validar,Reflexiva,,Validar,Negativa,,Validar,EficiÃªncia,,Validar,FrustraÃ§Ã£o,,Validar
82,13/07/2021,HorrÃ­vel So Trava Aff ğŸ¤¬ğŸ˜¡ğŸ¤¬ğŸ˜¡ğŸ¤¬ğŸ˜¡ğŸ¤¬ğŸ˜¡ğŸ¤¬ğŸ˜¡ğŸ¤¬ğŸ˜¡ğŸ¤¬ğŸ˜¡ğŸ¤¬ğŸ˜¡ğŸ¤¬ğŸ˜¡ğŸ¤¬ğŸ˜¡ğŸ¤¬ğŸ˜¡ğŸ¤¬ğŸ˜¡ğŸ¤¬ğŸ˜¡ğŸ¤¬ğŸ˜¡ğŸ¤¬ğŸ˜¡ğŸ˜¡ğŸ¤¬ğŸ¤¬ğŸ˜¡ğŸ˜¡ğŸ¤¬ğŸ¤¬ğŸ˜¡ğŸ˜¡ğŸ¤¬ğŸ˜¡ğŸ¤¬ğŸ˜¡ğŸ¤¬ğŸ˜¡ğŸ¤¬ğŸ˜¡ğŸ¤¬ğŸ˜¡ğŸ¤¬ğŸ˜¡ğŸ¤¬,,,,CrÃ­tica,,Validar,Reflexiva,,Validar,Negativa,,Validar,EficiÃªncia,,Validar,FrustraÃ§Ã£o,,Validar
83,13/07/2021,ğŸ˜Šâ¤ï¸,,,,Elogio,,Validar,Visceral,,Validar,Positiva,,Validar,SatisfaÃ§Ã£o,,Validar,SatisfaÃ§Ã£o,,Validar
84,13/07/2021,NÃ£o cumpri oque prometi nÃ£o recibe do aplicativo que o valor das pessoas que a gente comvida meu amigo viu 10 dias seguindo nÃ£o recibi o pagamento sÃ³ fala que nÃ£o foi possÃ­vel processar. ğŸ˜¡ğŸ˜¡,,,,CrÃ­tica,,Validar,Comportamental,,Validar,Negativa,,Validar,EficÃ¡cia,,Validar,FrustraÃ§Ã£o,,Validar
85,13/07/2021,ğŸ‘ğŸ‘ğŸ‘,,,,Elogio,,Validar,Visceral,,Validar,Positiva,,Validar,SatisfaÃ§Ã£o,,Validar,SatisfaÃ§Ã£o,,Validar
86,13/07/2021,PerfeitoooooooooooğŸ’,,,,Elogio,,Validar,Visceral,,Validar,Positiva,,Validar,SatisfaÃ§Ã£o,,Validar,SatisfaÃ§Ã£o,,Validar
87,13/07/2021,"DÃ¡ oportunidade pra descobrir talentos e diversidades de assuntos de vÃ¡rios gostos,do simples ao sofisticado.E oportunidade: ğŸ¤‘ Uma renda (seja lÃ¡ qual for, extra) .",,,,Elogio,,Validar,Visceral,,Validar,Positiva,,Validar,SatisfaÃ§Ã£o,,Validar,SatisfaÃ§Ã£o,,Validar
88,13/07/2021,Amoo esse ap muito bom e maravilhoso recomendo abaixarem ğŸ˜ğŸ˜‰,,,,Elogio,,Validar,Visceral,,Validar,Positiva,,Validar,SatisfaÃ§Ã£o,,Validar,Afeto,,Validar
89,13/07/2021,Aplicativo muito bom ğŸ˜šğŸ˜šğŸ˜šğŸ˜šğŸ˜¶ğŸ¤—ğŸ¤—ğŸ¤—ğŸ¤—ğŸ¤—ğŸ¤—ğŸ˜™ğŸ˜™ğŸ˜™ğŸ‘‰ğŸ‘ˆ,,,,Elogio,,Validar,Visceral,,Validar,Positiva,,Validar,SatisfaÃ§Ã£o,,Validar,SatisfaÃ§Ã£o,,Validar
90,13/07/2021,ğŸ’“ğŸ™„,,,,Elogio,,Validar,Visceral,,Validar,Positiva,,Validar,SatisfaÃ§Ã£o,,Validar,SatisfaÃ§Ã£o,,Validar
91,13/07/2021,"Gosto muito do app,passo horas assistindo os vÃ­deos ğŸ¥°",,,,Elogio,,Validar,Visceral,,Validar,Positiva,,Validar,SatisfaÃ§Ã£o,,Validar,SatisfaÃ§Ã£o,,Validar
92,13/07/2021,ğŸ˜˜,,,,Elogio,,Validar,Visceral,,Validar,Positiva,,Validar,SatisfaÃ§Ã£o,,Validar,SatisfaÃ§Ã£o,,Validar
93,13/07/2021,"Literalmente perfeito esse App,mais eu dou 4 estrelas por causa dos adultos mostrando o corpo,pensa se uma crianÃ§a de 5 ou 6 anos tÃ¡ rolando sua fy e aparece esses adultos mostrando o corpo sÃ©rio muito desconfortÃ¡vel, mais tirando isso o App Ã© perfeitoâ£ğŸ’—",,,,CrÃ­tica,,Validar,Reflexiva,,Validar,Positiva,,Validar,SatisfaÃ§Ã£o,,Validar,SatisfaÃ§Ã£o,,Validar
94,13/07/2021,Boa noite! Gostaria de saber pq nÃ£o estou mais ganhando dinheiro e minha bolinha nÃ£o estÃ¡ mais rodando ğŸ¥º,,,,DÃºvida,,Validar,Reflexiva,,Validar,Negativa,,Validar,Aprendizado,,Validar,FrustraÃ§Ã£o,,Validar
95,13/07/2021,ğŸ˜ƒğŸ˜ƒğŸ˜ğŸ˜ğŸ‘ğŸ‘ğŸ‘,,,,Elogio,,Validar,Visceral,,Validar,Positiva,,Validar,SatisfaÃ§Ã£o,,Validar,SatisfaÃ§Ã£o,,Validar
96,13/07/2021,"NÃ£o estou gostando nÃ£o estou muito triste convidei alguns amigos e nÃ£o ganhei bÃ´nus nem um ğŸ¤£ğŸ¤£ curto compartilho vÃ­deo e nada tiktok quero meu bÃ´nus de convite ,vou dar uma estrela por que nÃ£o posso dar 0000 estrelas",,,,CrÃ­tica,,Validar,Comportamental,,Validar,Negativa,,Validar,EficÃ¡cia,,Validar,FrustraÃ§Ã£o,,Validar
97,13/07/2021,ğŸ˜âœŠ,,,,CrÃ­tica,,Validar,Reflexiva,,Validar,Negativa,,Validar,SatisfaÃ§Ã£o,,Validar,SatisfaÃ§Ã£o,,Validar
98,13/07/2021,Ã“tima ğŸ‘ğŸ¼ğŸ‘ğŸ¼ğŸ‘ğŸ¼,,,,Elogio,,Validar,Visceral,,Validar,Positiva,,Validar,SatisfaÃ§Ã£o,,Validar,SatisfaÃ§Ã£o,,Validar
99,13/07/2021,ğŸ˜ğŸ˜,,,,Elogio,,Validar,Visceral,,Validar,Positiva,,Validar,SatisfaÃ§Ã£o,,Validar,SatisfaÃ§Ã£o,,Validar
100,13/07/2021,COSMICAMENTE TOPğŸ‘,,,,Elogio,,Validar,Visceral,,Validar,Positiva,,Validar,SatisfaÃ§Ã£o,,Validar,SatisfaÃ§Ã£o,,Validar
101,13/07/2021,Muito ruim deu falha eu assisti 10 Dias mais nÃ£o foi ğŸ˜ ğŸ˜ ğŸ˜ ğŸ˜ ğŸ˜ ğŸ˜ ,,,,CrÃ­tica,,Validar,Reflexiva,,Validar,Negativa,,Validar,EficÃ¡cia,,Validar,FrustraÃ§Ã£o,,Validar
102,13/07/2021,â¤ï¸â¤ï¸â¤ï¸,,,,Elogio,,Validar,Visceral,,Validar,Positiva,,Validar,SatisfaÃ§Ã£o,,Validar,Afeto,,Validar
103,13/07/2021,Bom d mais recomendo ğŸ˜‰,,,,Elogio,,Validar,Visceral,,Validar,Positiva,,Validar,SatisfaÃ§Ã£o,,Validar,SatisfaÃ§Ã£o,,Validar
104,13/07/2021,Bom ğŸ˜â™¥ï¸â™¥ï¸â™¥ï¸â™¥ï¸â™¥ï¸â™¥ï¸â™¥ï¸â™¥ï¸â™¥ï¸,,,,Elogio,,Validar,Visceral,,Validar,Positiva,,Validar,SatisfaÃ§Ã£o,,Validar,SatisfaÃ§Ã£o,,Validar
105,13/07/2021,Muito bomğŸ¥°,,,,Elogio,,Validar,Visceral,,Validar,Positiva,,Validar,SatisfaÃ§Ã£o,,Validar,SatisfaÃ§Ã£o,,Validar
106,13/07/2021,TopğŸ˜ğŸ˜ğŸ˜ğŸ˜ğŸ˜,,,,Elogio,,Validar,Visceral,,Validar,Positiva,,Validar,SatisfaÃ§Ã£o,,Validar,SatisfaÃ§Ã£o,,Validar
107,13/07/2021,Muito perfeito ğŸ’¯âœ¨,,,,Elogio,,Validar,Visceral,,Validar,Positiva,,Validar,SatisfaÃ§Ã£o,,Validar,SatisfaÃ§Ã£o,,Validar
108,13/07/2021,Excelente appğŸ¥°,,,,Elogio,,Validar,Visceral,,Validar,Positiva,,Validar,SatisfaÃ§Ã£o,,Validar,SatisfaÃ§Ã£o,,Validar
109,13/07/2021,Top ğŸ‘ğŸ‘ğŸ‘ğŸ‘ğŸ‘,,,,Elogio,,Validar,Visceral,,Validar,Positiva,,Validar,SatisfaÃ§Ã£o,,Validar,SatisfaÃ§Ã£o,,Validar
110,13/07/2021,"O TIK TOK Ã‰ O MELHOR APLICATIVO PRA VC AI DE CASA, COMPARTILHAR SEUS CONHECIMENTOS E SEU DIA A DIA ğŸ˜ŠğŸ˜‰",,,,Elogio,,Validar,Visceral,,Validar,Positiva,,Validar,SatisfaÃ§Ã£o,,Validar,SatisfaÃ§Ã£o,,Validar
111,13/07/2021,ğŸ‘,,,,Elogio,,Validar,Visceral,,Validar,Positiva,,Validar,SatisfaÃ§Ã£o,,Validar,SatisfaÃ§Ã£o,,Validar
112,13/07/2021,O app Ã© muito boom!ğŸ˜,,,,Elogio,,Validar,Visceral,,Validar,Positiva,,Validar,SatisfaÃ§Ã£o,,Validar,SatisfaÃ§Ã£o,,Validar
113,13/07/2021,Ele Ã© bom de so uma vez q eu quase muri pq minha conta zeroğŸ‘ğŸ‘„ğŸ‘,,,,CrÃ­tica,,Validar,Reflexiva,,Validar,Neutra,,Validar,EficiÃªncia,,Validar,FrustraÃ§Ã£o,,Validar
114,13/07/2021,Por enquanto estou amando o app ğŸ˜˜ğŸ˜˜ğŸ˜˜ que cringe KKJGFJFFFFARJTAHKEAHU,,,,Elogio,,Validar,Visceral,,Validar,Positiva,,Validar,SatisfaÃ§Ã£o,,Validar,Afeto,,Validar
115,13/07/2021,Muito bom ğŸ’“ gosto muito ğŸ‘ğŸ¼ğŸ‘ğŸ¼ğŸ‘ğŸ¼ğŸ¥°ğŸ˜â¤ï¸,,,,Elogio,,Validar,Visceral,,Validar,Positiva,,Validar,SatisfaÃ§Ã£o,,Validar,Afeto,,Validar
116,13/07/2021,melhor aplicativo do mundooâ¤ï¸,,,,Elogio,,Validar,Visceral,,Validar,Positiva,,Validar,SatisfaÃ§Ã£o,,Validar,Afeto,,Validar
117,13/07/2021,Legal e bom ğŸ˜ğŸ˜ğŸ˜,,,,Elogio,,Validar,Visceral,,Validar,Positiva,,Validar,SatisfaÃ§Ã£o,,Validar,SatisfaÃ§Ã£o,,Validar
118,13/07/2021,Amigo tij Tok e o melhor e que nÃ£o vemm aplicativo amigo demais valeu quem qriou por que vÃ³ te falar e Ã³timo demais parabÃ©ns a quem criou Ã³timo atÃ© demais nÃ£o tenho mais palavras pra mim diser ğŸ’“ğŸ’“ğŸ’“,,,,Elogio,,Validar,Visceral,,Validar,Positiva,,Validar,SatisfaÃ§Ã£o,,Validar,Afeto,,Validar
119,13/07/2021,Amo de mais da conta â™¥ï¸â™¥ï¸â™¥ï¸â™¥ï¸,,,,Elogio,,Validar,Visceral,,Validar,Positiva,,Validar,SatisfaÃ§Ã£o,,Validar,Afeto,,Validar
120,13/07/2021,AaaaaaaaaaaaaaaAaaaaaaaaaaaaaaaaaaaaaaaaaa ğŸ˜ ğŸ˜ ğŸ˜ ğŸ˜ ğŸ˜ ğŸ˜¡ğŸ˜¡ğŸ˜¡ğŸ˜¡ğŸ˜¡ğŸ˜¾ğŸ˜¾ğŸ˜¾ğŸ’¢ğŸ’¢ğŸ’¢ğŸ’¢ğŸ’¢ğŸ’¢ğŸ’¢ğŸ’¢ğŸ˜¡ğŸ˜¡ğŸ˜¡ğŸ˜¡ğŸ˜¡,,,,CrÃ­tica,,Validar,Reflexiva,,Validar,Negativa,,Validar,SatisfaÃ§Ã£o,,Validar,FrustraÃ§Ã£o,,Validar
121,13/07/2021,Ã“timo ğŸ¤ğŸ¤ğŸ’¥,,,,Elogio,,Validar,Visceral,,Validar,Positiva,,Validar,SatisfaÃ§Ã£o,,Validar,SatisfaÃ§Ã£o,,Validar
122,13/07/2021,Muito ruim ğŸ‘,,,,CrÃ­tica,,Validar,Visceral,,Validar,Positiva,,Validar,SatisfaÃ§Ã£o,,Validar,FrustraÃ§Ã£o,,Validar
123,13/07/2021,muito bom o TIK TOK eu uso e recomendo.ğŸ˜ğŸ‘,,,,Elogio,,Validar,Visceral,,Validar,Positiva,,Validar,SatisfaÃ§Ã£o,,Validar,SatisfaÃ§Ã£o,,Validar
124,13/07/2021,"Aplicativo bom para algums ruim para outros, o tio pro nÃ£o envia os vÃ­deos e sÃ³ da atenÃ§Ã£o para mulher amostrada que fica postando vÃ­deo com os peitos para fora, e nÃ£o envia os meus vÃ­deos pro foryou , ta chato jÃ¡ deu ğŸ˜¡ğŸ˜¡ğŸ˜¡",,,,CrÃ­tica,,Validar,Reflexiva,,Validar,Negativa,,Validar,EficÃ¡cia,,Validar,FrustraÃ§Ã£o,,Validar
125,13/07/2021,NÃ£o mudou nadağŸ¤¨,,,,CrÃ­tica,,Validar,Visceral,,Validar,Negativa,,Validar,SatisfaÃ§Ã£o,,Validar,FrustraÃ§Ã£o,,Validar
126,13/07/2021,Ã“timo ğŸ’–,,,,Elogio,,Validar,Visceral,,Validar,Positiva,,Validar,SatisfaÃ§Ã£o,,Validar,SatisfaÃ§Ã£o,,Validar
127,13/07/2021,Muito bom ğŸ‘,,,,Elogio,,Validar,Visceral,,Validar,Positiva,,Validar,SatisfaÃ§Ã£o,,Validar,SatisfaÃ§Ã£o,,Validar
128,13/07/2021,Eu amo tiktokğŸ˜ğŸ˜˜,,,,Elogio,,Validar,Visceral,,Validar,Positiva,,Validar,SatisfaÃ§Ã£o,,Validar,Afeto,,Validar
129,13/07/2021,Muito bom ğŸ˜ƒ,,,,Elogio,,Validar,Visceral,,Validar,Positiva,,Validar,SatisfaÃ§Ã£o,,Validar,SatisfaÃ§Ã£o,,Validar
130,13/07/2021,Ã“timo super recomendo Ã© um Ã³timo passa tempo ğŸ˜ŠğŸ˜€,,,,Elogio,,Validar,Visceral,,Validar,Positiva,,Validar,SatisfaÃ§Ã£o,,Validar,SatisfaÃ§Ã£o,,Validar
131,13/07/2021,Eu amoooo o titok â¤ï¸â¤ï¸â¤ï¸â¤ï¸,,,,Elogio,,Validar,Visceral,,Validar,Positiva,,Validar,SatisfaÃ§Ã£o,,Validar,Afeto,,Validar
132,13/07/2021,ğŸ’™ğŸ’™â¤,,,,Elogio,,Validar,Visceral,,Validar,Positiva,,Validar,SatisfaÃ§Ã£o,,Validar,SatisfaÃ§Ã£o,,Validar
133,13/07/2021,ExelenteğŸ‘ğŸ‘ğŸ‘ğŸ‘,,,,Elogio,,Validar,Visceral,,Validar,Positiva,,Validar,SatisfaÃ§Ã£o,,Validar,SatisfaÃ§Ã£o,,Validar
134,13/07/2021,ğŸ‘ğŸ»,,,,Elogio,,Validar,Visceral,,Validar,Positiva,,Validar,SatisfaÃ§Ã£o,,Validar,SatisfaÃ§Ã£o,,Validar
135,13/07/2021,Eu amo dms. Melhor app ğŸ¥°,,,,Elogio,,Validar,Visceral,,Validar,Positiva,,Validar,SatisfaÃ§Ã£o,,Validar,Afeto,,Validar
136,13/07/2021,Ã“timo Aplicativo ğŸ¤©ğŸ˜ğŸ˜Š,,,,Elogio,,Validar,Visceral,,Validar,Positiva,,Validar,SatisfaÃ§Ã£o,,Validar,SatisfaÃ§Ã£o,,Validar
137,13/07/2021,Aplicativo maravilhoso e com Ã³timos filtros ğŸ˜,,,,Elogio,,Validar,Visceral,,Validar,Positiva,,Validar,SatisfaÃ§Ã£o,,Validar,SatisfaÃ§Ã£o,,Validar
138,13/07/2021,â¤ğŸ˜»,,,,Elogio,,Validar,Visceral,,Validar,Positiva,,Validar,SatisfaÃ§Ã£o,,Validar,SatisfaÃ§Ã£o,,Validar
139,13/07/2021,ğŸ˜ğŸ˜ğŸ˜,,,,Elogio,,Validar,Visceral,,Validar,Positiva,,Validar,SatisfaÃ§Ã£o,,Validar,Afeto,,Validar
140,13/07/2021,Amei ğŸ’–ğŸ’–ğŸ’–ğŸ’–ğŸ’–,,,,Elogio,,Validar,Visceral,,Validar,Positiva,,Validar,SatisfaÃ§Ã£o,,Validar,Afeto,,Validar
141,13/07/2021,Eu adorooooğŸ˜˜ğŸ˜˜ğŸ˜˜,,,,Elogio,,Validar,Visceral,,Validar,Positiva,,Validar,SatisfaÃ§Ã£o,,Validar,Afeto,,Validar
142,13/07/2021,Gosto muito do aplicativo ğŸ˜,,,,Elogio,,Validar,Visceral,,Validar,Positiva,,Validar,SatisfaÃ§Ã£o,,Validar,SatisfaÃ§Ã£o,,Validar
143,13/07/2021,"SÃ£o semanas e semanas sÃ³ pra poder ganhar 1 real, acho pouco demais ğŸ™„ğŸ™„ğŸ˜’",,,,CrÃ­tica,,Validar,Reflexiva,,Validar,Negativa,,Validar,SatisfaÃ§Ã£o,,Validar,FrustraÃ§Ã£o,,Validar
144,13/07/2021,Muito bom ğŸ˜ŠğŸ˜Š,,,,Elogio,,Validar,Visceral,,Validar,Positiva,,Validar,SatisfaÃ§Ã£o,,Validar,SatisfaÃ§Ã£o,,Validar
145,13/07/2021,Muito bomğŸ‘ğŸ‘,,,,Elogio,,Validar,Visceral,,Validar,Positiva,,Validar,SatisfaÃ§Ã£o,,Validar,SatisfaÃ§Ã£o,,Validar
146,13/07/2021,Muito bommmğŸ¤©ğŸ¤©,,,,Elogio,,Validar,Visceral,,Validar,Positiva,,Validar,SatisfaÃ§Ã£o,,Validar,SatisfaÃ§Ã£o,,Validar
147,13/07/2021,Muito bom! ğŸ‘ğŸ‘,,,,Elogio,,Validar,Visceral,,Validar,Positiva,,Validar,SatisfaÃ§Ã£o,,Validar,SatisfaÃ§Ã£o,,Validar
148,13/07/2021,"Estou dando uma estrela porque nÃ£o Ã© justo o que vocÃªs estÃ£o fazendo! Convidamos, os amigos assistem 10 dias consecutivos 40 minutos e vocÃªs nÃ£o pagam nossa recompensa! Mando e-mails e nÃ£o tenho retorno. NÃ£o indico a mais ninguÃ©m ğŸ‘ğŸ»ğŸ‘ğŸ»ğŸ‘ğŸ»ğŸ‘ğŸ»ğŸ‘ğŸ»ğŸ‘ğŸ»",,,,CrÃ­tica,,Validar,Comportamental,,Validar,Negativa,,Validar,EficÃ¡cia,,Validar,FrustraÃ§Ã£o,,Validar
149,13/07/2021,ğŸ’“,,,,Elogio,,Validar,Visceral,,Validar,Positiva,,Validar,SatisfaÃ§Ã£o,,Validar,SatisfaÃ§Ã£o,,Validar
150,13/07/2021,Muito bom ğŸ‘ğŸ‘ğŸ‘ğŸ‘,,,,Elogio,,Validar,Visceral,,Validar,Positiva,,Validar,SatisfaÃ§Ã£o,,Validar,SatisfaÃ§Ã£o,,Validar
151,13/07/2021,RasuavelğŸ¤,,,,Elogio,,Validar,Visceral,,Validar,Neutra,,Validar,SatisfaÃ§Ã£o,,Validar,SatisfaÃ§Ã£o,,Validar
152,13/07/2021,"Ã“timo entretenimento, alivia o estresse e ajuda alegrar meu dia ğŸ‘",,,,Elogio,,Validar,Visceral,,Validar,Positiva,,Validar,SatisfaÃ§Ã£o,,Validar,SatisfaÃ§Ã£o,,Validar
153,13/07/2021,Muitooo bom mesmoğŸ˜â¤,,,,Elogio,,Validar,Visceral,,Validar,Positiva,,Validar,SatisfaÃ§Ã£o,,Validar,Afeto,,Validar
154,13/07/2021,ğŸ˜,,,,Elogio,,Validar,Visceral,,Validar,Positiva,,Validar,SatisfaÃ§Ã£o,,Validar,SatisfaÃ§Ã£o,,Validar
155,13/07/2021,"Muito legal , assistindo muito â¤ï¸â¤ï¸â¤ï¸",,,,Elogio,,Validar,Visceral,,Validar,Positiva,,Validar,SatisfaÃ§Ã£o,,Validar,SatisfaÃ§Ã£o,,Validar
156,13/07/2021,Amoo tik tok...excelente aplicativo...ğŸ¤©ğŸ¤©ğŸ¤©,,,,Elogio,,Validar,Visceral,,Validar,Positiva,,Validar,SatisfaÃ§Ã£o,,Validar,Afeto,,Validar
157,13/07/2021,"Amei esse aplicativo, muito fÃ¡cil de usar e tem muitos vÃ­deo que eu me identifico e que eu amo â¤â¤ğŸ˜",,,,Elogio,,Validar,Visceral,,Validar,Positiva,,Validar,Aprendizado,,Validar,Afeto,,Validar
158,13/07/2021,"Ã“TIMO, ELE Ã‰ PERFEITOOOOOOOğŸ˜ğŸ˜…âœ¨",,,,Elogio,,Validar,Visceral,,Validar,Positiva,,Validar,SatisfaÃ§Ã£o,,Validar,Afeto,,Validar
159,13/07/2021,Excelente aplicativo ğŸ˜ƒ,,,,Elogio,,Validar,Visceral,,Validar,Positiva,,Validar,SatisfaÃ§Ã£o,,Validar,SatisfaÃ§Ã£o,,Validar
160,13/07/2021,Melhor app ğŸ¥°,,,,Elogio,,Validar,Visceral,,Validar,Positiva,,Validar,SatisfaÃ§Ã£o,,Validar,SatisfaÃ§Ã£o,,Validar
161,13/07/2021,E bom!!!!!!!!!!!!!!!!!!!!!!!!!!!!!!!!!!!! amo muitooooooooooooo tem vÃ­deos muitos legaisss eu amo o Tik tok â™¥ï¸â™¥ï¸â™¥ï¸ğŸ’ğŸ’ğŸ’ğŸ’ğŸ’–ğŸ’–ğŸ’–ğŸ’–â™¥ï¸â™¥ï¸â™¥ï¸â™¥ï¸ğŸ’ğŸ’ğŸ’ğŸ’ğŸ’–ğŸ’–ğŸ’–âš˜âš˜âš˜âš˜ğŸŒ¹ğŸŒ¹ğŸŒ¹ğŸŒ¹ğŸŒ¹ğŸ‘ğŸ‘ğŸ‘ğŸ‘ğŸ‘ğŸ‘ğŸ’ğŸ’ğŸ’ğŸ’â™¥ï¸â™¥ï¸â™¥ï¸â™¥ï¸ğŸ’ğŸ’ğŸ’–ğŸ’–âš˜ğŸŒ¹ğŸŒ¹ğŸŒ¹ğŸ‘ğŸ‘ğŸ‘ğŸŒ¹âš˜ğŸ’â™¥ï¸â™¥ï¸â™¥ï¸ğŸ’–âš˜ğŸŒ¹ğŸ‘ğŸ‘ğŸŒ¹âš˜ğŸ’â™¥ï¸â™¥ï¸â™¥ï¸ğŸ’–âš˜ğŸŒ¹ğŸŒ¹ğŸ‘ğŸ‘ğŸŒ¹âš˜ğŸ’–ğŸ’â™¥ï¸â™¥ï¸ğŸ’ğŸ’–âš˜ğŸŒ¹ğŸ‘ğŸ‘ğŸ‘ğŸŒ¹ğŸ’–ğŸ’â™¥ï¸â™¥ï¸ğŸ’ğŸ’–ğŸŒ¹ğŸ‘ï¿½â€¦,,,,Elogio,,Validar,Visceral,,Validar,Positiva,,Validar,SatisfaÃ§Ã£o,,Validar,Afeto,,Validar
162,13/07/2021,Perfeito ğŸ‘ğŸ‘,,,,Elogio,,Validar,Visceral,,Validar,Positiva,,Validar,SatisfaÃ§Ã£o,,Validar,SatisfaÃ§Ã£o,,Validar
163,13/07/2021,App excelente ğŸ™‚ amei ğŸ™‚,,,,Elogio,,Validar,Visceral,,Validar,Positiva,,Validar,SatisfaÃ§Ã£o,,Validar,Afeto,,Validar
164,13/07/2021,BOM DE MAAAAAAIS AMEI ğŸ¥°ğŸ¥°â™¥ï¸,,,,Elogio,,Validar,Visceral,,Validar,Positiva,,Validar,SatisfaÃ§Ã£o,,Validar,Afeto,,Validar
165,13/07/2021,Gostei ele eh meu app favoritoâ¤â¤â¤â¤,,,,Elogio,,Validar,Visceral,,Validar,Positiva,,Validar,SatisfaÃ§Ã£o,,Validar,Afeto,,Validar
166,13/07/2021,gente fui banida muitas vezes e agora tento fazer uma conta pra mim de novo e nÃ£o dÃ¡ eu tÃ´ muito triste ğŸ˜”ğŸ˜”ğŸ˜”,,,,CrÃ­tica,,Validar,Visceral,,Validar,Positiva,,Validar,EficiÃªncia,,Validar,FrustraÃ§Ã£o,,Validar
167,13/07/2021,ğŸ‘Œ sem palavras,,,,Elogio,,Validar,Visceral,,Validar,Positiva,,Validar,SatisfaÃ§Ã£o,,Validar,SatisfaÃ§Ã£o,,Validar
168,13/07/2021,â¤â¤â¤,,,,Elogio,,Validar,Visceral,,Validar,Positiva,,Validar,SatisfaÃ§Ã£o,,Validar,SatisfaÃ§Ã£o,,Validar
169,13/07/2021,Recomendo!âœ¨â¤ï¸ O app e MT bom ainda n tive problemas com ele. Eu tbm recomendo!âœ¨â¤ï¸â¤ï¸â¤ï¸,,,,Elogio,,Validar,Visceral,,Validar,Positiva,,Validar,SatisfaÃ§Ã£o,,Validar,SatisfaÃ§Ã£o,,Validar
170,13/07/2021,ğŸ‘,,,,Elogio,,Validar,Visceral,,Validar,Positiva,,Validar,SatisfaÃ§Ã£o,,Validar,SatisfaÃ§Ã£o,,Validar
171,13/07/2021,Gosto muito do Tik tok mas nos Ãºltimos dias nÃ£o me permite mais somar pontos.... Uma penağŸ¥º,,,,CrÃ­tica,,Validar,Reflexiva,,Validar,Negativa,,Validar,EficiÃªncia,,Validar,FrustraÃ§Ã£o,,Validar
172,13/07/2021,Ã‰ muito legal ğŸ˜,,,,Elogio,,Validar,Visceral,,Validar,Positiva,,Validar,SatisfaÃ§Ã£o,,Validar,SatisfaÃ§Ã£o,,Validar
173,13/07/2021,A gente passa horas assistindo vÃ­deo pra ganhar centavos e muito ruim poderia melhorar mais ğŸ˜”,,,,CrÃ­tica,,Validar,Reflexiva,,Validar,Negativa,,Validar,SatisfaÃ§Ã£o,,Validar,FrustraÃ§Ã£o,,Validar
174,13/07/2021,Tik Tok para de flopar meus vÃ­deos por favor. Gente me ajudem a crescer no tik Tok preciso muito tenho uma filhinha especial ğŸ™ğŸ˜”,,,,CrÃ­tica,,Validar,Comportamental,,Validar,Neutra,,Validar,EficiÃªncia,,Validar,FrustraÃ§Ã£o,,Validar
175,13/07/2021,TopğŸ’“,,,,Elogio,,Validar,Visceral,,Validar,Positiva,,Validar,SatisfaÃ§Ã£o,,Validar,SatisfaÃ§Ã£o,,Validar
176,13/07/2021,NÃ£o consigo compartilhar da galeria pro tik tok..... Ele simples mente nÃ£o abre ğŸ˜’ğŸ˜’ğŸ˜’ğŸ˜’ğŸ˜’ğŸ˜’,,,,CrÃ­tica,,Validar,Comportamental,,Validar,Negativa,,Validar,EficÃ¡cia,,Validar,FrustraÃ§Ã£o,,Validar
177,13/07/2021,PrÃ¡ mim o tik tok e Ã³ melhor app do mundoâœ¨âœ¨âœ¨ğŸ‘,,,,Elogio,,Validar,Visceral,,Validar,Positiva,,Validar,SatisfaÃ§Ã£o,,Validar,Afeto,,Validar
178,13/07/2021,App top demais ğŸ˜,,,,Elogio,,Validar,Visceral,,Validar,Positiva,,Validar,SatisfaÃ§Ã£o,,Validar,Afeto,,Validar
179,13/07/2021,Adoro!!!! ParabÃ©ns!!! ğŸ‘ğŸ‘ğŸ‘ğŸ‘,,,,Elogio,,Validar,Visceral,,Validar,Positiva,,Validar,SatisfaÃ§Ã£o,,Validar,SatisfaÃ§Ã£o,,Validar
180,13/07/2021,O melhorğŸ˜ğŸ˜˜,,,,Elogio,,Validar,Visceral,,Validar,Positiva,,Validar,SatisfaÃ§Ã£o,,Validar,SatisfaÃ§Ã£o,,Validar
181,13/07/2021,E maravilhoso amei muito ğŸ’•ğŸ¤©,,,,Elogio,,Validar,Visceral,,Validar,Positiva,,Validar,SatisfaÃ§Ã£o,,Validar,Afeto,,Validar
182,13/07/2021,â¤,,,,Elogio,,Validar,Visceral,,Validar,Positiva,,Validar,SatisfaÃ§Ã£o,,Validar,SatisfaÃ§Ã£o,,Validar
183,13/07/2021,Muito bom gosto muito do app Ã© excelente ğŸ˜„,,,,Elogio,,Validar,Visceral,,Validar,Positiva,,Validar,SatisfaÃ§Ã£o,,Validar,SatisfaÃ§Ã£o,,Validar
184,13/07/2021,Ele Ã© mto bom amo mto ele ğŸ™ƒâ¤ğŸŒ¹,,,,Elogio,,Validar,Visceral,,Validar,Positiva,,Validar,SatisfaÃ§Ã£o,,Validar,Afeto,,Validar
185,13/07/2021,Os melhores bÃ´nus e vÃ­deos â¤ï¸,,,,Elogio,,Validar,Visceral,,Validar,Positiva,,Validar,SatisfaÃ§Ã£o,,Validar,SatisfaÃ§Ã£o,,Validar
186,13/07/2021,Eu super amei esse aplicativoğŸ˜˜,,,,Elogio,,Validar,Visceral,,Validar,Positiva,,Validar,SatisfaÃ§Ã£o,,Validar,Afeto,,Validar
187,13/07/2021,Um excelente passatempo.ğŸ˜Š,,,,Elogio,,Validar,Visceral,,Validar,Positiva,,Validar,SatisfaÃ§Ã£o,,Validar,SatisfaÃ§Ã£o,,Validar
188,13/07/2021,Gente amo d+ ^^ Ã© incrÃ­vel recomendo muito sÃ©rio vcs vÃ£o amar e rir amooooâ¤ğŸ˜»ğŸ‘‰ğŸ‘ˆ,,,,Elogio,,Validar,Visceral,,Validar,Positiva,,Validar,SatisfaÃ§Ã£o,,Validar,Afeto,,Validar
189,13/07/2021,"Muito legal ğŸ‘ mas o chato Ã© mulher de suteÃ£ e casinha e homens de cueca isso Ã© injusto, mas o resto Ã© incrÃ­vel â¤ï¸amei da pra postrar oque vc quiser ğŸ–ï¸apoio o aplicativo tik tok ğŸ–ï¸",,,,CrÃ­tica,,Validar,Reflexiva,,Validar,Positiva,,Validar,SatisfaÃ§Ã£o,,Validar,SatisfaÃ§Ã£o,,Validar
190,13/07/2021,amoâ¤â¤â¤â¤,,,,Elogio,,Validar,Visceral,,Validar,Positiva,,Validar,SatisfaÃ§Ã£o,,Validar,Afeto,,Validar
191,13/07/2021,Criador do tik Tok para mim nÃ£o apareceu nada mais ainda tem quer ajeitar algumas coisa nos comentÃ¡rios como bugs de tira outros comentÃ¡rios jÃ¡ vi muitas pessoas fazendo isso de tira os comentÃ¡rios por favor tirem isso â™¥ï¸ Vou dar 5 estrelas,,,,SugestÃ£o,,Validar,Reflexiva,,Validar,Neutra,,Validar,SatisfaÃ§Ã£o,,Validar,SatisfaÃ§Ã£o,,Validar
192,13/07/2021,Gosto muito â¤ï¸,,,,Elogio,,Validar,Visceral,,Validar,Positiva,,Validar,SatisfaÃ§Ã£o,,Validar,SatisfaÃ§Ã£o,,Validar
193,13/07/2021,ğŸ˜ğŸ˜ğŸ˜ğŸ˜ğŸ˜ğŸ˜,,,,Elogio,,Validar,Visceral,,Validar,Positiva,,Validar,SatisfaÃ§Ã£o,,Validar,Afeto,,Validar
194,13/07/2021,Super indico muito bom este aplicativo ğŸ˜ƒ me divirto muito,,,,Elogio,,Validar,Visceral,,Validar,Positiva,,Validar,SatisfaÃ§Ã£o,,Validar,Afeto,,Validar
195,13/07/2021,"Eu amo o tik tok sou flopada mais e um Ã³timo App tanto pra fazer dancinha,dublar ou assistir a vÃ­deos de influenciadores,sem contar nos Ã³timos efeitos q o app temğŸ¥°ğŸ¤—",,,,Elogio,,Validar,Visceral,,Validar,Positiva,,Validar,SatisfaÃ§Ã£o,,Validar,Afeto,,Validar
196,13/07/2021,amei esse aplicativo ele Ã© muito legal meu pai tambÃ©m tem esse tik tok e ele gostou muito emtÃ£o vai 5 estrelinhas pra eleğŸ¥°ğŸ¥°ğŸ¥°ğŸ¥°ğŸ¥°ğŸ¥°ğŸ¥°ğŸ¥°ğŸ¥°ğŸ¥°ğŸ¥°ğŸ¥°ğŸ¥°ğŸ¥°,,,,Elogio,,Validar,Visceral,,Validar,Positiva,,Validar,SatisfaÃ§Ã£o,,Validar,SatisfaÃ§Ã£o,,Validar
197,13/07/2021,Ã“timo adoro pq eu faÃ§o vÃ­deo e outra coisas ğŸ˜¸ğŸ˜¸ğŸ˜¸,,,,Elogio,,Validar,Visceral,,Validar,Positiva,,Validar,SatisfaÃ§Ã£o,,Validar,Afeto,,Validar
198,13/07/2021,Muito bom ğŸ˜Š,,,,Elogio,,Validar,Visceral,,Validar,Positiva,,Validar,SatisfaÃ§Ã£o,,Validar,SatisfaÃ§Ã£o,,Validar
199,13/07/2021,ğŸ–•ğŸ–•ğŸ–•ğŸ–•ğŸ–•ğŸ¤¬ğŸ¤¬ğŸ¤¬ğŸ¤¬ğŸ–•ğŸ–•ğŸ–•ğŸ–•ğŸ–•ğŸ–•,,,,CrÃ­tica,,Validar,Visceral,,Validar,Negativa,,Validar,SatisfaÃ§Ã£o,,Validar,FrustraÃ§Ã£o,,Validar
200,13/07/2021,â¤ï¸,,,,Elogio,,Validar,Visceral,,Validar,Positiva,,Validar,SatisfaÃ§Ã£o,,Validar,SatisfaÃ§Ã£o,,Validar
201,13/07/2021,Ã“timo ğŸ‘,,,,Elogio,,Validar,Visceral,,Validar,Positiva,,Validar,SatisfaÃ§Ã£o,,Validar,SatisfaÃ§Ã£o,,Validar
202,13/07/2021,Nao estou conseguindo encontrar meu codigo ğŸ˜¤ğŸ˜¤ğŸ˜¤,,,,CrÃ­tica,,Validar,Reflexiva,,Validar,Negativa,,Validar,Memorabilidade,,Validar,FrustraÃ§Ã£o,,Validar
203,13/07/2021,Ã‰ um app Ã³timo ğŸŒˆ,,,,Elogio,,Validar,Visceral,,Validar,Positiva,,Validar,SatisfaÃ§Ã£o,,Validar,SatisfaÃ§Ã£o,,Validar
204,13/07/2021,Decepcionante na parte de ganhar dinheiro mas ainda sim Ã© melhorzinho pouca coisağŸ‘Œ que o kwai,,,,CrÃ­tica,,Validar,Reflexiva,,Validar,Negativa,,Validar,SatisfaÃ§Ã£o,,Validar,FrustraÃ§Ã£o,,Validar
205,13/07/2021,"Muito entretenimento ğŸ¤ğŸ¤. diversos vÃ­deos curtos e criativos, lugar ideal para aprender,ensinar e claro se divertir.",,,,Elogio,,Validar,Visceral,,Validar,Positiva,,Validar,SatisfaÃ§Ã£o,,Validar,SatisfaÃ§Ã£o,,Validar
206,13/07/2021,TopğŸ˜,,,,Elogio,,Validar,Visceral,,Validar,Positiva,,Validar,SatisfaÃ§Ã£o,,Validar,SatisfaÃ§Ã£o,,Validar
207,13/07/2021,Excelente ğŸ‘ğŸ¿ğŸ‘ğŸ¿ğŸ‘ğŸ¿,,,,Elogio,,Validar,Visceral,,Validar,Positiva,,Validar,SatisfaÃ§Ã£o,,Validar,SatisfaÃ§Ã£o,,Validar
208,13/07/2021,Amooooo o Tik Tok â¤ï¸â¤ï¸â¤ï¸ğŸ™ƒğŸ¥°ğŸ˜˜,,,,Elogio,,Validar,Visceral,,Validar,Positiva,,Validar,SatisfaÃ§Ã£o,,Validar,Afeto,,Validar
209,13/07/2021,Uma palavra. . . . .âœ¨ PERFEITO âœ¨,,,,Elogio,,Validar,Visceral,,Validar,Positiva,,Validar,SatisfaÃ§Ã£o,,Validar,SatisfaÃ§Ã£o,,Validar
210,13/07/2021,â¤ï¸â¤ï¸â¤ï¸,,,,Elogio,,Validar,Visceral,,Validar,Positiva,,Validar,SatisfaÃ§Ã£o,,Validar,Afeto,,Validar
211,13/07/2021,Amo afeerrğŸ˜ğŸ™Œ,,,,Elogio,,Validar,Visceral,,Validar,Positiva,,Validar,SatisfaÃ§Ã£o,,Validar,Afeto,,Validar
212,13/07/2021,"Melhor aplicativo do mundo , com essa quarentena acabei tendo ansiedade e o Tik Tok me ajudou muito muito mesmo , nÃ£o gostava muito do Tik Tok porque preferia o antigo nome : Musicaly, e agora nÃ£o posso ficar 1 dia sem ele ğŸ¤£ğŸ¤£ğŸ¤£",,,,Elogio,,Validar,Visceral,,Validar,Positiva,,Validar,SatisfaÃ§Ã£o,,Validar,Afeto,,Validar
213,13/07/2021,Esse app Ã© viciante ğŸ¤£,,,,Elogio,,Validar,Visceral,,Validar,Positiva,,Validar,SatisfaÃ§Ã£o,,Validar,SatisfaÃ§Ã£o,,Validar
214,13/07/2021,ğŸ‘ğŸ»ğŸ‘ğŸ»ğŸ‘ğŸ»ğŸ‘ğŸ»ğŸ‘ğŸ»ğŸ‘ğŸ» estao de parabens,,,,Elogio,,Validar,Visceral,,Validar,Positiva,,Validar,SatisfaÃ§Ã£o,,Validar,SatisfaÃ§Ã£o,,Validar
215,13/07/2021,Amo o tiktok app muito bom e tds vcs tem q instalar Ã© muito bom Me apaixonei por essa app ğŸ˜ğŸ˜ğŸ˜ğŸ˜ğŸ˜ğŸ˜ğŸ˜ğŸ˜ğŸ˜ğŸ˜,,,,Elogio,,Validar,Visceral,,Validar,Positiva,,Validar,SatisfaÃ§Ã£o,,Validar,Afeto,,Validar
216,13/07/2021,Ã‰ muito bom eu amooooâ™¥ï¸ parabÃ©ns ğŸ‘ğŸ‘,,,,Elogio,,Validar,Visceral,,Validar,Positiva,,Validar,SatisfaÃ§Ã£o,,Validar,Afeto,,Validar
217,13/07/2021,"O App e Bom demais, MAIS oque tÃ¡ me matando de raiva Ã© que quando eu baixo um jogo ou app aparece anÃºncio toda hora desse tal tik tok sendo que eu jÃ¡ tenho ğŸ˜‘ğŸ˜‘ğŸ˜‘",,,,CrÃ­tica,,Validar,Reflexiva,,Validar,Negativa,,Validar,SatisfaÃ§Ã£o,,Validar,FrustraÃ§Ã£o,,Validar
218,13/07/2021,AMO O TOKTOK ğŸ’ğŸ’,,,,Elogio,,Validar,Visceral,,Validar,Positiva,,Validar,SatisfaÃ§Ã£o,,Validar,Afeto,,Validar
219,13/07/2021,"Gosto mas isso de ganhar dinheiro Ã© sÃ³ para ter audiÃªncia do povo assistir, sÃ³ conversar furadağŸ˜”",,,,CrÃ­tica,,Validar,Reflexiva,,Validar,Negativa,,Validar,SatisfaÃ§Ã£o,,Validar,FrustraÃ§Ã£o,,Validar
220,13/07/2021,Muito incrÃ­vel ğŸ˜â¤,,,,Elogio,,Validar,Visceral,,Validar,Positiva,,Validar,SatisfaÃ§Ã£o,,Validar,SatisfaÃ§Ã£o,,Validar
221,13/07/2021,adorei e otimo eu gosto de naruto e tem videos de naruto ameiiii âœŒ,,,,Elogio,,Validar,Visceral,,Validar,Positiva,,Validar,SatisfaÃ§Ã£o,,Validar,SatisfaÃ§Ã£o,,Validar
222,13/07/2021,Aplicativo topğŸ‘ğŸ‘ bom de mais,,,,Elogio,,Validar,Visceral,,Validar,Positiva,,Validar,SatisfaÃ§Ã£o,,Validar,SatisfaÃ§Ã£o,,Validar
223,13/07/2021,MT bom tik tok melhor APP de vÃ­deos do mundo ğŸŒ,,,,Elogio,,Validar,Visceral,,Validar,Positiva,,Validar,SatisfaÃ§Ã£o,,Validar,SatisfaÃ§Ã£o,,Validar
224,13/07/2021,Muito bom ğŸ˜Œ,,,,Elogio,,Validar,Visceral,,Validar,Positiva,,Validar,SatisfaÃ§Ã£o,,Validar,SatisfaÃ§Ã£o,,Validar
225,13/07/2021,Tik tok e top. ğŸ‘ğŸ‘ğŸ‘ğŸ‘ğŸ‘ğŸ‘ğŸ‘,,,,Elogio,,Validar,Visceral,,Validar,Positiva,,Validar,SatisfaÃ§Ã£o,,Validar,SatisfaÃ§Ã£o,,Validar
226,13/07/2021,ğŸ˜ğŸ˜ğŸ˜,,,,Elogio,,Validar,Visceral,,Validar,Positiva,,Validar,SatisfaÃ§Ã£o,,Validar,SatisfaÃ§Ã£o,,Validar
227,13/07/2021,Muito legal ğŸ‘ğŸ‘ğŸ‘ğŸ‘,,,,Elogio,,Validar,Visceral,,Validar,Positiva,,Validar,SatisfaÃ§Ã£o,,Validar,SatisfaÃ§Ã£o,,Validar
228,13/07/2021,App muito bom MDS fiquei impressionadissimo com o desempenho. ğŸ’œğŸ–¤ğŸ–¤ğŸ–¤ğŸ¤ğŸ¤ğŸ¤â¤ï¸,,,,Elogio,,Validar,Visceral,,Validar,Positiva,,Validar,SatisfaÃ§Ã£o,,Validar,SatisfaÃ§Ã£o,,Validar
229,13/07/2021,ğŸ˜ğŸ˜ğŸ˜Muito bom,,,,Elogio,,Validar,Visceral,,Validar,Positiva,,Validar,SatisfaÃ§Ã£o,,Validar,SatisfaÃ§Ã£o,,Validar
230,13/07/2021,Esse app e muito bom recomendo pra todo ğŸ‘ğŸ‘ğŸ‘ğŸ‘,,,,Elogio,,Validar,Visceral,,Validar,Positiva,,Validar,SatisfaÃ§Ã£o,,Validar,SatisfaÃ§Ã£o,,Validar
231,13/07/2021,HorrÃ­vel ğŸ˜•,,,,CrÃ­tica,,Validar,Visceral,,Validar,Negativa,,Validar,SatisfaÃ§Ã£o,,Validar,FrustraÃ§Ã£o,,Validar
232,13/07/2021,Excelenteeeeeeeee!!!ameiii ğŸ‘ğŸ½ğŸ‘ğŸ½ğŸ‘ğŸ½,,,,Elogio,,Validar,Visceral,,Validar,Positiva,,Validar,SatisfaÃ§Ã£o,,Validar,Afeto,,Validar
233,13/07/2021,Excelente aplicativo...sem contar na renda extra que ajuda incetiva agente...parabens aos desenvolvedoresğŸ˜€ğŸ‘ğŸ‘ğŸ‘ğŸ‘,,,,Elogio,,Validar,Visceral,,Validar,Positiva,,Validar,SatisfaÃ§Ã£o,,Validar,SatisfaÃ§Ã£o,,Validar
234,13/07/2021,"Minha conta foi banida,e nÃ£o consigo criar outra conta e eu amo o tik tok ğŸ¥º",,,,CrÃ­tica,,Validar,Reflexiva,,Validar,Negativa,,Validar,EficiÃªncia,,Validar,FrustraÃ§Ã£o,,Validar
235,13/07/2021,Amo demais o bts porisso amo o tik tok parabens pra quem criou ğŸ˜˜ğŸ‘ğŸ‘,,,,Elogio,,Validar,Visceral,,Validar,Positiva,,Validar,SatisfaÃ§Ã£o,,Validar,Afeto,,Validar
236,13/07/2021,Bom demais mas queria ganhar mais dinheiro ğŸ¤—ğŸ¤—,,,,Elogio,,Validar,Visceral,,Validar,Positiva,,Validar,SatisfaÃ§Ã£o,,Validar,FrustraÃ§Ã£o,,Validar
237,13/07/2021,â¤ï¸,,,,Elogio,,Validar,Visceral,,Validar,Positiva,,Validar,SatisfaÃ§Ã£o,,Validar,SatisfaÃ§Ã£o,,Validar
238,13/07/2021,Ã“timo ğŸ˜Š,,,,Elogio,,Validar,Visceral,,Validar,Positiva,,Validar,SatisfaÃ§Ã£o,,Validar,SatisfaÃ§Ã£o,,Validar
239,13/07/2021,muito bom podem baixarğŸ˜ŠğŸ˜ŠğŸ˜Š,,,,Elogio,,Validar,Visceral,,Validar,Positiva,,Validar,SatisfaÃ§Ã£o,,Validar,SatisfaÃ§Ã£o,,Validar
240,13/07/2021,AmoooooooâœŒï¸ amooooooo recomendo,,,,Elogio,,Validar,Visceral,,Validar,Positiva,,Validar,SatisfaÃ§Ã£o,,Validar,Afeto,,Validar
241,13/07/2021,Muito bom ğŸ˜ƒ,,,,Elogio,,Validar,Visceral,,Validar,Positiva,,Validar,SatisfaÃ§Ã£o,,Validar,SatisfaÃ§Ã£o,,Validar
242,13/07/2021,Amei esse app. Gostei muito. ParabÃ©ns . ğŸ¥³,,,,Elogio,,Validar,Visceral,,Validar,Positiva,,Validar,SatisfaÃ§Ã£o,,Validar,Afeto,,Validar
243,13/07/2021,ğŸ¤—,,,,Elogio,,Validar,Visceral,,Validar,Positiva,,Validar,SatisfaÃ§Ã£o,,Validar,SatisfaÃ§Ã£o,,Validar
244,13/07/2021,E muito bom o app e me diverti muitoooo tÃ£o de ParabÃ©ns ğŸ˜˜ğŸ˜˜ğŸ˜˜,,,,Elogio,,Validar,Visceral,,Validar,Positiva,,Validar,SatisfaÃ§Ã£o,,Validar,SatisfaÃ§Ã£o,,Validar
245,13/07/2021,â¤ï¸ğŸ˜ğŸ˜˜ğŸ¤©ğŸ’™ğŸ’šğŸ’›ğŸ’“â™¥ï¸ğŸ’˜ğŸ¼ğŸ§¡â¤ï¸ğŸ™ğŸ’›ğŸ’šğŸ’¥ğŸ¤¸,,,,Elogio,,Validar,Visceral,,Validar,Positiva,,Validar,SatisfaÃ§Ã£o,,Validar,SatisfaÃ§Ã£o,,Validar
246,13/07/2021,Top demais ele ğŸ‘ğŸ‘ğŸ‘â¤ï¸ğŸ’¥,,,,Elogio,,Validar,Visceral,,Validar,Positiva,,Validar,SatisfaÃ§Ã£o,,Validar,SatisfaÃ§Ã£o,,Validar
247,13/07/2021,muito bom ğŸ¥°,,,,Elogio,,Validar,Visceral,,Validar,Positiva,,Validar,SatisfaÃ§Ã£o,,Validar,SatisfaÃ§Ã£o,,Validar
248,13/07/2021,Foi acusado de denÃºncias falsas e nÃ£o posso criar outra conta uma estrela ğŸ˜¤,,,,CrÃ­tica,,Validar,Reflexiva,,Validar,Negativa,,Validar,EficiÃªncia,,Validar,FrustraÃ§Ã£o,,Validar
249,13/07/2021,Muito legal mesmo ğŸ‘ŒğŸ‘Œ,,,,Elogio,,Validar,Visceral,,Validar,Positiva,,Validar,SatisfaÃ§Ã£o,,Validar,SatisfaÃ§Ã£o,,Validar
250,13/07/2021,Muito bom amoâ¤,,,,Elogio,,Validar,Visceral,,Validar,Positiva,,Validar,SatisfaÃ§Ã£o,,Validar,Afeto,,Validar
251,13/07/2021,Gostei ğŸ‘ğŸ‘ğŸ‘,,,,Elogio,,Validar,Visceral,,Validar,Positiva,,Validar,SatisfaÃ§Ã£o,,Validar,SatisfaÃ§Ã£o,,Validar
252,13/07/2021,Ã“timo ğŸ‘,,,,Elogio,,Validar,Visceral,,Validar,Positiva,,Validar,SatisfaÃ§Ã£o,,Validar,SatisfaÃ§Ã£o,,Validar
253,13/07/2021,Muito bom recomendo super!ğŸ¤­â¤ï¸â¤ï¸â¤ï¸,,,,Elogio,,Validar,Visceral,,Validar,Positiva,,Validar,SatisfaÃ§Ã£o,,Validar,SatisfaÃ§Ã£o,,Validar
254,13/07/2021,Excelente aplicativo recomendo demais Melhor experiÃªncia â¤ğŸ˜ğŸ˜ğŸ‘,,,,Elogio,,Validar,Visceral,,Validar,Positiva,,Validar,SatisfaÃ§Ã£o,,Validar,Afeto,,Validar
255,13/07/2021,Ã“timo ameiğŸ’—,,,,Elogio,,Validar,Visceral,,Validar,Positiva,,Validar,SatisfaÃ§Ã£o,,Validar,Afeto,,Validar
256,13/07/2021,Perfeito ğŸ‘ğŸ‘„ğŸ‘ğŸ’…,,,,Elogio,,Validar,Visceral,,Validar,Positiva,,Validar,SatisfaÃ§Ã£o,,Validar,SatisfaÃ§Ã£o,,Validar
257,13/07/2021,Muito bom igual coco de galinha ğŸ‘Œ,,,,CrÃ­tica,,Validar,Visceral,,Validar,Negativa,,Validar,SatisfaÃ§Ã£o,,Validar,FrustraÃ§Ã£o,,Validar
258,13/07/2021,E muito bom gente ğŸ˜Š,,,,Elogio,,Validar,Visceral,,Validar,Positiva,,Validar,SatisfaÃ§Ã£o,,Validar,SatisfaÃ§Ã£o,,Validar
259,13/07/2021,Muito bom ğŸ˜Š,,,,Elogio,,Validar,Visceral,,Validar,Positiva,,Validar,SatisfaÃ§Ã£o,,Validar,SatisfaÃ§Ã£o,,Validar
260,13/07/2021,NÃ£o tÃ´ conseguindo ganhar meus bÃ´nus por indicaÃ§Ã£o ğŸ¥ºğŸ¥º,,,,CrÃ­tica,,Validar,Comportamental,,Validar,Neutra,,Validar,EficiÃªncia,,Validar,FrustraÃ§Ã£o,,Validar
261,13/07/2021,app mt bom nÃ£o trava recomendo ğŸ’™,,,,Elogio,,Validar,Visceral,,Validar,Positiva,,Validar,EficiÃªncia,,Validar,SatisfaÃ§Ã£o,,Validar
262,13/07/2021,Amo â¤ï¸â¤ï¸â¤ï¸,,,,Elogio,,Validar,Visceral,,Validar,Positiva,,Validar,SatisfaÃ§Ã£o,,Validar,Afeto,,Validar
263,13/07/2021,Odeio tik tok ğŸ˜ğŸ˜¡ğŸ‘,,,,CrÃ­tica,,Validar,Visceral,,Validar,Negativa,,Validar,SatisfaÃ§Ã£o,,Validar,FrustraÃ§Ã£o,,Validar
264,13/07/2021,Muito bom e maravilhoso uso bastante â¤â¤â¤â¤â¤â¤â¤â¤â¤â¤â¤â¤â¤â¤â¤â¤â¤â¤â¤â¤â¤â¤â¤â¤â¤â¤â¤â¤â¤,,,,Elogio,,Validar,Visceral,,Validar,Positiva,,Validar,SatisfaÃ§Ã£o,,Validar,SatisfaÃ§Ã£o,,Validar
265,13/07/2021,Muito bomğŸ¥°,,,,Elogio,,Validar,Visceral,,Validar,Positiva,,Validar,SatisfaÃ§Ã£o,,Validar,SatisfaÃ§Ã£o,,Validar
266,13/07/2021,Show de bola ğŸ‘ğŸ‘ğŸ‘,,,,Elogio,,Validar,Visceral,,Validar,Positiva,,Validar,SatisfaÃ§Ã£o,,Validar,SatisfaÃ§Ã£o,,Validar
267,13/07/2021,Muito bom ğŸ‘ğŸ‘ğŸ‘,,,,Elogio,,Validar,Visceral,,Validar,Positiva,,Validar,SatisfaÃ§Ã£o,,Validar,SatisfaÃ§Ã£o,,Validar
268,13/07/2021,Visivelmente Ã© muito bom eu amoo esse appğŸ’•ğŸ’â¤ï¸,,,,Elogio,,Validar,Visceral,,Validar,Positiva,,Validar,SatisfaÃ§Ã£o,,Validar,EstÃ©tica,,Validar
269,13/07/2021,1#.3ğŸ’©ğŸ’©ğŸ’©ğŸ’©ğŸ’©ğŸ’©ğŸ’© à²– 6&ğŸ˜‚; 374,,,,CrÃ­tica,,Validar,Visceral,,Validar,Negativa,,Validar,SatisfaÃ§Ã£o,,Validar,FrustraÃ§Ã£o,,Validar
270,13/07/2021,Maravilhoso vc tem tantas opÃ§Ãµes dentro desse app que chega a vida a mente na minha opiniÃ£o e maravilhoso quanto eu tenho uma conta nele e ta crescendo muito rapidoğŸ¦‹ Eu daria uma dica a vcs que sÃ£o crianÃ§as assim como eu que tenho 10 cuidado com o que vcs assiste pq Ã© essa a segunda parte ruim do tâ€¦,,,,Elogio,,Validar,Visceral,,Validar,Positiva,,Validar,SatisfaÃ§Ã£o,,Validar,SatisfaÃ§Ã£o,,Validar
271,13/07/2021,ğŸ’–ğŸ’–ğŸ’–ğŸ’–ğŸ’–ğŸ’–ğŸ’–ğŸ’–ğŸ’–ğŸ’–ğŸ’–ğŸ’–ğŸ’–,,,,Elogio,,Validar,Visceral,,Validar,Positiva,,Validar,SatisfaÃ§Ã£o,,Validar,SatisfaÃ§Ã£o,,Validar
272,13/07/2021,Tenho 2 contas com valores R$100+ na conta e nÃ£o consigo sacar ğŸ¥²ğŸ¥²ğŸ¥²,,,,DÃºvida,,Validar,Reflexiva,,Validar,Negativa,,Validar,EficÃ¡cia,,Validar,FrustraÃ§Ã£o,,Validar
273,13/07/2021,Amooooo ğŸ¤©ğŸ‘ğŸ‘ğŸ‘ğŸ’¯,,,,Elogio,,Validar,Visceral,,Validar,Positiva,,Validar,SatisfaÃ§Ã£o,,Validar,Afeto,,Validar
274,13/07/2021,ğŸ˜ğŸ˜ğŸ˜ğŸ˜ğŸ˜ğŸ˜ğŸ˜ğŸ˜ğŸ˜,,,,Elogio,,Validar,Visceral,,Validar,Positiva,,Validar,SatisfaÃ§Ã£o,,Validar,SatisfaÃ§Ã£o,,Validar
275,13/07/2021,Show ğŸ¤— d,,,,Elogio,,Validar,Visceral,,Validar,Positiva,,Validar,SatisfaÃ§Ã£o,,Validar,SatisfaÃ§Ã£o,,Validar
276,13/07/2021,ESSENCIAL PRA TODOS.MUITO BOMğŸ‘,,,,Elogio,,Validar,Visceral,,Validar,Positiva,,Validar,SatisfaÃ§Ã£o,,Validar,SatisfaÃ§Ã£o,,Validar
277,13/07/2021,"NÃ£o estÃ¡ mais como era antes, tinha dado 5 estrelas qdo instalei ... Agora dou 3 ... Tiktok nÃ£o estÃ¡ entregando vÃ­deos, nÃ£o tenho mas a moedinha rodando conforme vai assistindo, convidei uma amiga e nÃ£o ganhei nada do q prometido, enfim decepÃ§Ã£o total ğŸ˜•ğŸ˜•",,,,CrÃ­tica,,Validar,Reflexiva,,Validar,Negativa,,Validar,EficÃ¡cia,,Validar,FrustraÃ§Ã£o,,Validar
278,13/07/2021,Show ğŸ‘ğŸ‘,,,,Elogio,,Validar,Visceral,,Validar,Positiva,,Validar,SatisfaÃ§Ã£o,,Validar,SatisfaÃ§Ã£o,,Validar
279,13/07/2021,Amo â¤ï¸,,,,Elogio,,Validar,Visceral,,Validar,Positiva,,Validar,SatisfaÃ§Ã£o,,Validar,Afeto,,Validar
280,13/07/2021,ğŸ˜ğŸ˜ğŸ˜ğŸ˜ğŸ˜ğŸ˜,,,,Elogio,,Validar,Visceral,,Validar,Positiva,,Validar,SatisfaÃ§Ã£o,,Validar,SatisfaÃ§Ã£o,,Validar
281,13/07/2021,ğŸ¤©ğŸ¤©ğŸ¤©ğŸ¤©ğŸ¤©ğŸ¤©ğŸ¤©ğŸ¤©ğŸ¤©ğŸ¤©ğŸ¤©ğŸ¤©ğŸ¤©ğŸ¤©ğŸ¤©ğŸ¤©,,,,Elogio,,Validar,Visceral,,Validar,Positiva,,Validar,SatisfaÃ§Ã£o,,Validar,SatisfaÃ§Ã£o,,Validar
282,13/07/2021,E muito rui tchauğŸğŸğŸğŸğŸ,,,,CrÃ­tica,,Validar,Visceral,,Validar,Negativa,,Validar,SatisfaÃ§Ã£o,,Validar,FrustraÃ§Ã£o,,Validar
283,13/07/2021,Amo o Tiktok ğŸ˜ğŸ˜ğŸ˜,,,,Elogio,,Validar,Visceral,,Validar,Positiva,,Validar,SatisfaÃ§Ã£o,,Validar,Afeto,,Validar
284,13/07/2021,Ele Ã© bom e maravilha ğŸ˜š,,,,Elogio,,Validar,Visceral,,Validar,Positiva,,Validar,SatisfaÃ§Ã£o,,Validar,SatisfaÃ§Ã£o,,Validar
285,13/07/2021,Muito bom ğŸ‘ğŸ‘,,,,Elogio,,Validar,Visceral,,Validar,Positiva,,Validar,SatisfaÃ§Ã£o,,Validar,SatisfaÃ§Ã£o,,Validar
286,13/07/2021,ğŸ¤—ğŸ¤—ğŸ¤—,,,,Elogio,,Validar,Visceral,,Validar,Positiva,,Validar,SatisfaÃ§Ã£o,,Validar,SatisfaÃ§Ã£o,,Validar
287,13/07/2021,ğŸ˜‚â¤ï¸ğŸ‘»ğŸ¤©âœŒï¸ğŸ”ğŸ˜¤,,,,Elogio,,Validar,Visceral,,Validar,Positiva,,Validar,SatisfaÃ§Ã£o,,Validar,SatisfaÃ§Ã£o,,Validar
288,13/07/2021,Ã‰ muito bom ğŸ‘mais vocÃªs nÃ£o estÃ£o pagando nÃ³s mesmos fazendo vidios curtindo comentando eu nÃ£o estou ganhando nada,,,,CrÃ­tica,,Validar,Comportamental,,Validar,Negativa,,Validar,EficiÃªncia,,Validar,FrustraÃ§Ã£o,,Validar
289,13/07/2021,Ã“timo app boa qualidade ğŸ˜˜,,,,Elogio,,Validar,Visceral,,Validar,Positiva,,Validar,SatisfaÃ§Ã£o,,Validar,SatisfaÃ§Ã£o,,Validar
290,13/07/2021,ğŸ‘ğŸ‘ğŸ‘ğŸ‘ Bom,,,,Elogio,,Validar,Visceral,,Validar,Positiva,,Validar,SatisfaÃ§Ã£o,,Validar,SatisfaÃ§Ã£o,,Validar
291,13/07/2021,Muitoooooooooo bom sem palavras para descrever esse appğŸ˜,,,,Elogio,,Validar,Visceral,,Validar,Positiva,,Validar,SatisfaÃ§Ã£o,,Validar,Afeto,,Validar
292,13/07/2021,â¤â¤â¤â¤â¤â¤â¤â¤â¤â¤â¤â¤â¤â¤â¤â¤â¤â¤â¤,,,,Elogio,,Validar,Visceral,,Validar,Positiva,,Validar,SatisfaÃ§Ã£o,,Validar,SatisfaÃ§Ã£o,,Validar
293,13/07/2021,Perfeito ğŸ‘,,,,Elogio,,Validar,Visceral,,Validar,Positiva,,Validar,SatisfaÃ§Ã£o,,Validar,SatisfaÃ§Ã£o,,Validar
294,13/07/2021,E muito divertido! ğŸ˜…ğŸ˜…,,,,Elogio,,Validar,Visceral,,Validar,Positiva,,Validar,SatisfaÃ§Ã£o,,Validar,SatisfaÃ§Ã£o,,Validar
295,13/07/2021,Top demais ğŸ˜ƒ,,,,Elogio,,Validar,Visceral,,Validar,Positiva,,Validar,SatisfaÃ§Ã£o,,Validar,SatisfaÃ§Ã£o,,Validar
296,13/07/2021,Muito bm sÃ³ q eu Ã± to conseguindo ter dinheiro pra sacar ğŸ’”ğŸ’”ğŸ’”e jÃ¡ convidei vÃ¡rios amgs assinsto vÃ­deos diariamente,,,,CrÃ­tica,,Validar,Reflexiva,,Validar,Negativa,,Validar,EficiÃªncia,,Validar,FrustraÃ§Ã£o,,Validar
297,13/07/2021,Aplicativo Ã³timo sÃ³ que eu fui banida que Ã³dio ğŸ˜²ğŸ˜²ğŸ˜¡ğŸ˜ ğŸ˜³,,,,CrÃ­tica,,Validar,Reflexiva,,Validar,Negativa,,Validar,EficiÃªncia,,Validar,FrustraÃ§Ã£o,,Validar
298,13/07/2021,Ã‰ muito legal esse TikTok!!!ğŸ¤—,,,,Elogio,,Validar,Visceral,,Validar,Positiva,,Validar,SatisfaÃ§Ã£o,,Validar,SatisfaÃ§Ã£o,,Validar
299,13/07/2021,Em menos de trÃªs dias fui banido por violÃªncia sem fazer nada a ver com violÃªncia enquanto outros tiktokers podem aparecer com armas no bolso e outros a darem chapadas e murros uns aos outrosğŸ˜¡ğŸ¤¬ğŸ˜ ,,,,CrÃ­tica,,Validar,Reflexiva,,Validar,Negativa,,Validar,EficiÃªncia,,Validar,FrustraÃ§Ã£o,,Validar
300,13/07/2021,E muito bomğŸ˜,,,,Elogio,,Validar,Visceral,,Validar,Positiva,,Validar,SatisfaÃ§Ã£o,,Validar,SatisfaÃ§Ã£o,,Validar
301,13/07/2021,Ã“timo melhor ainda agora por causa que dÃ¡ dinheiro ğŸ’°ğŸ’°ğŸ’°ğŸ’°ğŸ’°ğŸ’°ğŸ’° mas tambÃ©m tem o Kwai,,,,Elogio,,Validar,Visceral,,Validar,Positiva,,Validar,SatisfaÃ§Ã£o,,Validar,MotivaÃ§Ã£o,,Validar
302,13/07/2021,Muito bom ğŸ‘ğŸ‘,,,,Elogio,,Validar,Visceral,,Validar,Positiva,,Validar,SatisfaÃ§Ã£o,,Validar,SatisfaÃ§Ã£o,,Validar
303,13/07/2021,Ameiâ¤ï¸,,,,Elogio,,Validar,Visceral,,Validar,Positiva,,Validar,SatisfaÃ§Ã£o,,Validar,Afeto,,Validar
304,13/07/2021,ğŸ˜ğŸ˜ğŸ˜ğŸ˜ğŸ˜,,,,Elogio,,Validar,Visceral,,Validar,Positiva,,Validar,SatisfaÃ§Ã£o,,Validar,SatisfaÃ§Ã£o,,Validar
305,13/07/2021,"Eu nÃ£o estou conseguindo cadastrar meu cÃ³digo, eu envio meu cÃ³digo e quando meus amigos vÃ£o cadastrar diz que o cÃ³digo estÃ¡ incorreto ou invÃ¡lido. ğŸ˜¢",,,,CrÃ­tica,,Validar,Comportamental,,Validar,Negativa,,Validar,EficiÃªncia,,Validar,FrustraÃ§Ã£o,,Validar
306,13/07/2021,Maravilhoso â¤ğŸ˜ŠğŸ‘âœŒ,,,,Elogio,,Validar,Visceral,,Validar,Positiva,,Validar,SatisfaÃ§Ã£o,,Validar,SatisfaÃ§Ã£o,,Validar
307,13/07/2021,Ã‰ muito bom esse app dÃ¡ para gravar vÃ¡rios vÃ­deos eu adoro e tambÃ©m eu adoro as atualizaÃ§Ãµes inclusive eu jÃ¡ tÃ´ com 8.5M seguidores eu jÃ¡ tÃ´ quase chegando a 9.M e graÃ§as ao TikTok e os meus seguidores eu tÃ´ aqui...ğŸ’•âœ¨,,,,Elogio,,Validar,Visceral,,Validar,Positiva,,Validar,SatisfaÃ§Ã£o,,Validar,SatisfaÃ§Ã£o,,Validar
308,13/07/2021,Perfeito ğŸ‘ğŸ»ğŸ‘ğŸ»,,,,Elogio,,Validar,Visceral,,Validar,Positiva,,Validar,SatisfaÃ§Ã£o,,Validar,SatisfaÃ§Ã£o,,Validar
309,13/07/2021,Muito Bom ğŸ˜ğŸ˜,,,,Elogio,,Validar,Visceral,,Validar,Positiva,,Validar,SatisfaÃ§Ã£o,,Validar,SatisfaÃ§Ã£o,,Validar
310,13/07/2021,ğŸ˜,,,,Elogio,,Validar,Visceral,,Validar,Positiva,,Validar,SatisfaÃ§Ã£o,,Validar,SatisfaÃ§Ã£o,,Validar
311,13/07/2021,Muito maravilhoso Top ğŸ˜ğŸ˜ğŸ˜ğŸ˜ğŸ˜,,,,Elogio,,Validar,Visceral,,Validar,Positiva,,Validar,SatisfaÃ§Ã£o,,Validar,SatisfaÃ§Ã£o,,Validar
312,13/07/2021,"Ã“timo, bom sÃ³ tenho a dizer as pessoas que baixem o aplicativo Ã© muito bom pra assistir vÃ­deos ğŸ¤£ğŸ˜‚ğŸ˜Š",,,,Elogio,,Validar,Visceral,,Validar,Positiva,,Validar,SatisfaÃ§Ã£o,,Validar,SatisfaÃ§Ã£o,,Validar
313,13/07/2021,â™¡serÃ¡ ğŸ˜˜ğŸ˜˜ğŸ˜˜,,,,Elogio,,Validar,Visceral,,Validar,Positiva,,Validar,SatisfaÃ§Ã£o,,Validar,SatisfaÃ§Ã£o,,Validar
314,13/07/2021,Amei o aplicativo â¤â¤,,,,Elogio,,Validar,Visceral,,Validar,Positiva,,Validar,SatisfaÃ§Ã£o,,Validar,Afeto,,Validar
315,13/07/2021,Ã“timo aplicativo muita diversÃ£o ğŸ™‚,,,,Elogio,,Validar,Visceral,,Validar,Positiva,,Validar,SatisfaÃ§Ã£o,,Validar,SatisfaÃ§Ã£o,,Validar
316,13/07/2021,Amo demaisssğŸ˜ğŸ˜ â˜€ï¸. ğŸ›¸ ğŸŒ Â° ğŸŒ“ â€¢ .Â°â€¢ ğŸš€ âœ¯âœ¯ â˜… * Â° ğŸ›° Â°Â· . â€¢ Â°â˜… â€¢ â–â–‚â–ƒâ–„â–…â–†â–‡â–‡,,,,Elogio,,Validar,Visceral,,Validar,Positiva,,Validar,SatisfaÃ§Ã£o,,Validar,Afeto,,Validar
317,13/07/2021,ğŸ™ŒğŸ˜,,,,Elogio,,Validar,Visceral,,Validar,Positiva,,Validar,SatisfaÃ§Ã£o,,Validar,SatisfaÃ§Ã£o,,Validar
318,13/07/2021,Muito divertido ğŸ˜›,,,,Elogio,,Validar,Visceral,,Validar,Positiva,,Validar,SatisfaÃ§Ã£o,,Validar,SatisfaÃ§Ã£o,,Validar
319,13/07/2021,ğŸ˜³,,,,Elogio,,Validar,Visceral,,Validar,Neutra,,Validar,SatisfaÃ§Ã£o,,Validar,SatisfaÃ§Ã£o,,Validar
320,13/07/2021,"eu amor esse App, faz eu esquecer todo mundo, e das pessoas que sÃ£o malğŸ˜ğŸ‘",,,,Elogio,,Validar,Visceral,,Validar,Positiva,,Validar,SatisfaÃ§Ã£o,,Validar,Afeto,,Validar
321,13/07/2021,E feio sÃ³ tem notificaÃ§Ã£o de menina orrivel ğŸ˜ ğŸ˜ ğŸ˜ ,,,,CrÃ­tica,,Validar,Reflexiva,,Validar,Negativa,,Validar,SatisfaÃ§Ã£o,,Validar,FrustraÃ§Ã£o,,Validar
322,13/07/2021,E muito bom para se divertir ğŸ˜Š,,,,Elogio,,Validar,Visceral,,Validar,Positiva,,Validar,SatisfaÃ§Ã£o,,Validar,SatisfaÃ§Ã£o,,Validar
323,13/07/2021,Ã“timo ğŸ‘,,,,Elogio,,Validar,Visceral,,Validar,Positiva,,Validar,SatisfaÃ§Ã£o,,Validar,SatisfaÃ§Ã£o,,Validar
324,13/07/2021,Muito legalğŸ˜šğŸ˜šğŸ˜˜ğŸ˜,,,,Elogio,,Validar,Visceral,,Validar,Positiva,,Validar,SatisfaÃ§Ã£o,,Validar,SatisfaÃ§Ã£o,,Validar
325,13/07/2021,ğŸ˜—ğŸ˜ğŸ˜â˜¹ï¸ğŸ˜¤ğŸ˜¨ğŸ˜¤â˜¹ï¸ğŸ˜¤â˜¹ï¸ğŸ˜¤â˜¹ï¸ğŸ˜’ğŸ¤­â˜ºï¸ğŸ¤”ğŸ˜’ğŸ˜‘ğŸ˜¬ğŸ˜¼ğŸ˜ºğŸ˜½ğŸ’¤ğŸ‘ºâš¡ğŸ’¤â¤ï¸ğŸ’«ğŸ’¯â­ğŸ’¥â­ğŸ’¥ğŸ’¥ğŸ’¥ğŸ’¯ğŸ’¥ğŸ’¥ğŸ’¦ğŸ’¢ğŸ’¢ğŸ’¦ğŸ’¢ğŸ’«,,,,CrÃ­tica,,Validar,Visceral,,Validar,Positiva,,Validar,SatisfaÃ§Ã£o,,Validar,FrustraÃ§Ã£o,,Validar
326,13/07/2021,Ã‰ um bom apps ğŸ’—,,,,Elogio,,Validar,Visceral,,Validar,Positiva,,Validar,SatisfaÃ§Ã£o,,Validar,SatisfaÃ§Ã£o,,Validar
327,13/07/2021,Amei super incrivelğŸ˜Š,,,,Elogio,,Validar,Visceral,,Validar,Positiva,,Validar,SatisfaÃ§Ã£o,,Validar,Afeto,,Validar
328,13/07/2021,ğŸ¥°ğŸ¥°ğŸ¥°ğŸ¥°ğŸ¥°,,,,Elogio,,Validar,Visceral,,Validar,Positiva,,Validar,SatisfaÃ§Ã£o,,Validar,SatisfaÃ§Ã£o,,Validar
329,13/07/2021,Muito bom amei â¤ï¸â¤ï¸â¤ï¸â¤ï¸â¤ï¸â¤ï¸â¤ï¸â¤ï¸â¤ï¸â¤ï¸â¤ï¸â¤ï¸â¤ï¸â¤ï¸â¤ï¸â¤ï¸â¤ï¸â¤ï¸â¤ï¸â¤ï¸â¤ï¸â¤ï¸â¤ï¸â¤ï¸â¤ï¸â¤ï¸â¤ï¸â¤ï¸â¤ï¸â¤ï¸â¤ï¸â¤ï¸â¤ï¸â¤ï¸â¤ï¸â¤ï¸â¤ï¸â¤ï¸â¤ï¸â¤ï¸â¤ï¸â¤ï¸â¤ï¸â¤ï¸â¤ï¸â¤ï¸â¤ï¸â¤ï¸â¤ï¸â¤ï¸â¤ï¸â¤ï¸â¤ï¸â¤ï¸â¤ï¸â¤ï¸â¤ï¸â¤ï¸â¤ï¸â¤ï¸â¤ï¸â¤ï¸â¤ï¸â¤ï¸â¤ï¸â¤ï¸â¤ï¸â¤ï¸â¤ï¸â¤ï¸â¤ï¸â¤ï¸â¤ï¸â¤ï¸â¤ï¸â¤ï¸â¤ï¸â¤ï¸â¤ï¸â¤ï¸â¤ï¸â¤ï¸â¤ï¸â¤ï¸â¤ï¸â¤ï¸â¤ï¸â¤ï¸â¤ï¸â¤ï¸â¤ï¸â¤ï¸â¤ï¸â¤ï¸â¤ï¸â¤ï¸â¤ï¸â¤ï¸â¤ï¸â¤ï¸â¤ï¸â¤ï¸ğŸŒ’ğŸŒ’ğŸŒ’,,,,Elogio,,Validar,Visceral,,Validar,Positiva,,Validar,SatisfaÃ§Ã£o,,Validar,Afeto,,Validar
330,13/07/2021,Lindo aplicativo amo demais ğŸ¤© IncrÃ­vel â™¥ï¸â™¥ï¸â™¥ï¸,,,,Elogio,,Validar,Visceral,,Validar,Positiva,,Validar,SatisfaÃ§Ã£o,,Validar,Afeto,,Validar
331,13/07/2021,ğŸ˜˜ğŸ˜˜ğŸ‘‹ğŸ‘‹ğŸ‰ que nÃ£o passa nada quando eu for embora,,,,Elogio,,Validar,Visceral,,Validar,Positiva,,Validar,SatisfaÃ§Ã£o,,Validar,SatisfaÃ§Ã£o,,Validar
332,13/07/2021,Muito bom ğŸ‘ğŸ‘ğŸ‘,,,,Elogio,,Validar,Visceral,,Validar,Positiva,,Validar,SatisfaÃ§Ã£o,,Validar,SatisfaÃ§Ã£o,,Validar
333,13/07/2021,Assisto... Porque gosto dos BB Ã© muito legal ğŸ˜‰ğŸ’™ğŸ’™ğŸ’™ğŸ’™,,,,Elogio,,Validar,Visceral,,Validar,Positiva,,Validar,SatisfaÃ§Ã£o,,Validar,SatisfaÃ§Ã£o,,Validar
334,13/07/2021,Amo de mais ğŸ˜ğŸ˜ğŸ˜ğŸ˜ğŸ˜ğŸ˜ğŸ˜,,,,Elogio,,Validar,Visceral,,Validar,Positiva,,Validar,SatisfaÃ§Ã£o,,Validar,Afeto,,Validar
335,13/07/2021,Adorei ğŸ˜,,,,Elogio,,Validar,Visceral,,Validar,Positiva,,Validar,SatisfaÃ§Ã£o,,Validar,Afeto,,Validar
336,13/07/2021,DemaisğŸ¤©,,,,Elogio,,Validar,Visceral,,Validar,Positiva,,Validar,SatisfaÃ§Ã£o,,Validar,SatisfaÃ§Ã£o,,Validar
337,13/07/2021,Adorei o aplicativo ğŸ¤©,,,,Elogio,,Validar,Visceral,,Validar,Positiva,,Validar,SatisfaÃ§Ã£o,,Validar,Afeto,,Validar
338,13/07/2021,Pov nÃ£o Ã© aquela nossa q top genial mas legal recomendo ğŸ‘,,,,Elogio,,Validar,Visceral,,Validar,Positiva,,Validar,SatisfaÃ§Ã£o,,Validar,SatisfaÃ§Ã£o,,Validar
339,13/07/2021,maravilhoso ğŸ˜†ğŸ˜†,,,,Elogio,,Validar,Visceral,,Validar,Positiva,,Validar,SatisfaÃ§Ã£o,,Validar,SatisfaÃ§Ã£o,,Validar
340,13/07/2021,PftğŸ’‹ğŸ˜°.,,,,Elogio,,Validar,Visceral,,Validar,Positiva,,Validar,SatisfaÃ§Ã£o,,Validar,SatisfaÃ§Ã£o,,Validar
341,13/07/2021,AtÃ© o momento app sensacional....ğŸ‘ğŸ‘,,,,Elogio,,Validar,Visceral,,Validar,Positiva,,Validar,SatisfaÃ§Ã£o,,Validar,SatisfaÃ§Ã£o,,Validar
342,13/07/2021,O Tok Tok e o aplicativos incrÃ­vel ğŸ’“,,,,Elogio,,Validar,Visceral,,Validar,Positiva,,Validar,SatisfaÃ§Ã£o,,Validar,SatisfaÃ§Ã£o,,Validar
343,13/07/2021,NÃ£o gostei sÃ³ tem vÃ­deoğŸ™„,,,,CrÃ­tica,,Validar,Reflexiva,,Validar,Negativa,,Validar,SatisfaÃ§Ã£o,,Validar,FrustraÃ§Ã£o,,Validar
344,13/07/2021,ğŸ¤—â˜ºï¸,,,,Elogio,,Validar,Visceral,,Validar,Positiva,,Validar,SatisfaÃ§Ã£o,,Validar,SatisfaÃ§Ã£o,,Validar
345,13/07/2021,Agora eu odeio tik Tok porque eu nem fiz vÃ­deo com minha vÃ³s e sem falar que era vÃ­deo mostrando o meu pop e eu n sei que mas alguÃ©m me denunciou sem motivo eu odeio o tiktok e escrevo este comentÃ¡rio para o dono do tiktok.ğŸ˜¤,,,,CrÃ­tica,,Validar,Reflexiva,,Validar,Negativa,,Validar,EficiÃªncia,,Validar,FrustraÃ§Ã£o,,Validar
346,13/07/2021,Muito bom gostei muito do tik tok...âœŒ,,,,Elogio,,Validar,Visceral,,Validar,Positiva,,Validar,SatisfaÃ§Ã£o,,Validar,SatisfaÃ§Ã£o,,Validar
347,13/07/2021,ğŸ˜ğŸ™‚ğŸ™‚ğŸ™‚ğŸ™‚,,,,Elogio,,Validar,Visceral,,Validar,Positiva,,Validar,SatisfaÃ§Ã£o,,Validar,SatisfaÃ§Ã£o,,Validar
348,13/07/2021,Falta sÃ³ mandar meus vÃ­deos pra foyou obrigado ğŸ˜£,,,,SugestÃ£o,,Validar,Comportamental,,Validar,Negativa,,Validar,EficÃ¡cia,,Validar,FrustraÃ§Ã£o,,Validar
349,13/07/2021,ğŸ˜‚ğŸ˜‡ğŸŒˆ,,,,Elogio,,Validar,Visceral,,Validar,Positiva,,Validar,SatisfaÃ§Ã£o,,Validar,SatisfaÃ§Ã£o,,Validar